entity,high_weights,high_counts,low_weights,low_counts,relative_weight,relative_count
BAKERY SHOWCASE,9.0,1.0,0.0,0.0,inf,inf
FASTER SPEECH,15.0,2.0,0.0,0.0,inf,inf
SOFT LIGHTING,43.0,5.0,14.0,2.0,3.0714285714285716,2.5
MELODIC REPETITION,9.0,1.0,0.0,0.0,inf,inf
S22 ULTRA,9.0,1.0,0.0,0.0,inf,inf
VOCALIZATION,13.0,2.0,0.0,0.0,inf,inf
BIG SMILE,8.0,1.0,0.0,0.0,inf,inf
LOW PITCHES,184.0,24.0,89.0,11.0,2.067415730337079,2.1818181818181817
PILE OF COLORFUL FABRIC,5.0,1.0,0.0,0.0,inf,inf
WOODEN FLOORING,7.0,1.0,7.0,1.0,1.0,1.0
HAND HOLDING SMARTPHONE,8.0,1.0,0.0,0.0,inf,inf
SPEAKER'S PITCH DROP,8.0,1.0,0.0,0.0,inf,inf
AFRO NATION WEEKEND,0.0,0.0,9.0,1.0,0.0,0.0
DYNAMIC PITCH,35.0,3.0,0.0,0.0,inf,inf
SONG STRUCTURE,6.0,1.0,0.0,0.0,inf,inf
PRODUCT FEATURE MOMENTS,29.0,4.0,15.0,2.0,1.9333333333333333,2.0
PATHWAY,8.0,1.0,0.0,0.0,inf,inf
POT CLANGING,7.0,1.0,0.0,0.0,inf,inf
SKEPTICISM,8.0,1.0,0.0,0.0,inf,inf
CONFIDENT AND SINCERE DEMEANOR,9.0,1.0,0.0,0.0,inf,inf
SPEAKER,202.0,21.0,87.0,10.0,2.32183908045977,2.1
TEXT INTRODUCTION,9.0,1.0,0.0,0.0,inf,inf
CHAIR,27.0,4.0,0.0,0.0,inf,inf
VENUE,9.0,1.0,0.0,0.0,inf,inf
MOVEMENT PATTERN,15.0,2.0,0.0,0.0,inf,inf
CONVERSATIONAL VERSES,7.0,1.0,0.0,0.0,inf,inf
WOODEN TABLE,6.0,1.0,0.0,0.0,inf,inf
HEAD AND EYE MOVEMENTS,73.0,10.0,45.0,6.0,1.6222222222222222,1.6666666666666667
GUITAR,9.0,1.0,9.0,1.0,1.0,1.0
LEANING FORWARD,24.0,3.0,0.0,0.0,inf,inf
INTRIGUE,7.0,1.0,0.0,0.0,inf,inf
CALM DEMEANOR,17.0,2.0,0.0,0.0,inf,inf
WHITE SUBWAY TILES,7.0,1.0,0.0,0.0,inf,inf
WATER BOILING,6.0,1.0,0.0,0.0,inf,inf
BACON REPETITION,0.0,0.0,8.0,1.0,0.0,0.0
FRIENDLY AND ENGAGING CONVERSATIONAL STYLE,9.0,1.0,0.0,0.0,inf,inf
HAIR ADJUSTMENT,9.0,1.0,21.0,3.0,0.42857142857142855,0.3333333333333333
BOLD AND EDGY AESTHETIC,8.0,1.0,0.0,0.0,inf,inf
MINIMAL HEAD MOVEMENTS,7.0,1.0,0.0,0.0,inf,inf
MOON PHOTOGRAPHY,9.0,1.0,0.0,0.0,inf,inf
TUTORIAL AUDIO,9.0,1.0,0.0,0.0,inf,inf
QUICK ENTHUSIASTIC GESTURES,8.0,1.0,0.0,0.0,inf,inf
EMPHATIC TONE,8.0,1.0,0.0,0.0,inf,inf
RETRO DESIGN,0.0,0.0,9.0,1.0,0.0,0.0
GRAVELLY TEXTURE,0.0,0.0,8.0,1.0,0.0,0.0
GESTURE,14.0,2.0,0.0,0.0,inf,inf
SPEECH PATTERN,15.0,2.0,0.0,0.0,inf,inf
POWERFUL FIGURE,0.0,0.0,7.0,1.0,0.0,0.0
AUDIO ANALYSIS TOOLS,6.0,1.0,5.0,1.0,1.2,1.0
CAMERA PHONE,9.0,1.0,0.0,0.0,inf,inf
SHOULDERS BACK,8.0,1.0,0.0,0.0,inf,inf
AUTOTUNED VOICE,5.0,1.0,0.0,0.0,inf,inf
SMALL BOAT,0.0,0.0,8.0,1.0,0.0,0.0
REFLECTIONS,0.0,0.0,6.0,1.0,0.0,0.0
BLOWING A KISS,7.0,1.0,0.0,0.0,inf,inf
MID-RANGE PITCH,23.0,3.0,7.0,1.0,3.2857142857142856,3.0
BEAUTY PRODUCTS,8.0,1.0,7.0,1.0,1.1428571428571428,1.0
MUSIC PERFORMANCE,9.0,1.0,0.0,0.0,inf,inf
TICKING SOUND EFFECT,0.0,0.0,8.0,1.0,0.0,0.0
ICE SKATING,9.0,1.0,0.0,0.0,inf,inf
TILTED HEAD,14.0,2.0,0.0,0.0,inf,inf
LATIN AMERICAN MUSIC,16.0,2.0,0.0,0.0,inf,inf
NIGHTTIME SCENE,0.0,0.0,7.0,1.0,0.0,0.0
CLEAR AUDIO REQUIREMENT,6.0,1.0,0.0,0.0,inf,inf
DOMESTIC SETTING,8.0,1.0,9.0,1.0,0.8888888888888888,1.0
REFLECTIVE SURFACE,5.0,1.0,0.0,0.0,inf,inf
BLUE COLOR,8.0,1.0,0.0,0.0,inf,inf
SMILING WITH LIPS PURSED,8.0,1.0,0.0,0.0,inf,inf
DRIVEWAY,0.0,0.0,6.0,1.0,0.0,0.0
PHONE CAMERAS,9.0,1.0,0.0,0.0,inf,inf
UPBEAT BACKGROUND MUSIC,30.0,4.0,15.0,1.0,2.0,4.0
OUTDOOR FURNITURE,7.0,1.0,0.0,0.0,inf,inf
CASUAL OUTFIT WITH APRON,9.0,1.0,0.0,0.0,inf,inf
WALL ART,41.0,7.0,18.0,3.0,2.2777777777777777,2.3333333333333335
REGGAETON TRACK,9.0,1.0,0.0,0.0,inf,inf
PITCH EMPHASIS,5.0,1.0,0.0,0.0,inf,inf
FRIENDLY CONVERSATION,5.0,1.0,0.0,0.0,inf,inf
STOCK CHECK,6.0,1.0,0.0,0.0,inf,inf
PERFECT CAKE,9.0,1.0,0.0,0.0,inf,inf
PICTURE OR POSTER,6.0,1.0,0.0,0.0,inf,inf
DIVIDER PANELS,0.0,0.0,7.0,1.0,0.0,0.0
DOWNWARD SLOPE FOR SARCASM,9.0,1.0,0.0,0.0,inf,inf
SATISFACTION AND ENJOYMENT,0.0,0.0,8.0,1.0,0.0,0.0
PINCHING HAND GESTURE,6.0,1.0,0.0,0.0,inf,inf
WHITE PEOPLE,6.0,1.0,0.0,0.0,inf,inf
BRAND LOGOS,8.0,1.0,0.0,0.0,inf,inf
BRICK WALL BACKGROUND,0.0,0.0,8.0,1.0,0.0,0.0
SILENCE LOCATION,5.0,1.0,0.0,0.0,inf,inf
GRUNT STYLE E-GIFT CARD,16.0,1.0,0.0,0.0,inf,inf
WHITE WALLS AND DOORS,0.0,0.0,7.0,1.0,0.0,0.0
SELFIE,0.0,0.0,8.0,1.0,0.0,0.0
REVERB/DELAY,7.0,1.0,14.0,2.0,0.5,0.5
SURPRISE/EMPHASIS,8.0,1.0,0.0,0.0,inf,inf
APP WATERMARK,8.0,1.0,0.0,0.0,inf,inf
INDOOR SCENE,8.0,1.0,0.0,0.0,inf,inf
YOGA MAT,6.0,1.0,0.0,0.0,inf,inf
PLUSH BLANKET,0.0,0.0,6.0,1.0,0.0,0.0
GAVEL,6.0,1.0,0.0,0.0,inf,inf
HUMOROUS TIKTOK POST,10.0,1.0,0.0,0.0,inf,inf
ENVIRONMENT AND SETTING,7.0,1.0,0.0,0.0,inf,inf
BOUNCY TUNE,5.0,1.0,0.0,0.0,inf,inf
CAKE DECORATING,8.0,1.0,0.0,0.0,inf,inf
HAND GESTURES,120.0,14.0,24.0,3.0,5.0,4.666666666666667
FOOD EXPLORATION,18.0,1.0,9.0,1.0,2.0,1.0
MEDIUM SILENCE,29.0,5.0,7.0,1.0,4.142857142857143,5.0
SEATED INFLUENCER,9.0,1.0,0.0,0.0,inf,inf
INTERACTION WITH PRODUCT,29.0,4.0,8.0,1.0,3.625,4.0
ELECTRONIC BEEP,0.0,0.0,5.0,1.0,0.0,0.0
GARDEN OR PARK AREA,8.0,1.0,0.0,0.0,inf,inf
DECORATIVE ITEMS,42.0,6.0,26.0,4.0,1.6153846153846154,1.5
RESTING POSITION,0.0,0.0,7.0,1.0,0.0,0.0
EXPRESSIONS AND GESTURES,9.0,1.0,0.0,0.0,inf,inf
NO VISIBLE PRODUCTS,6.0,1.0,0.0,0.0,inf,inf
CASUAL ATMOSPHERE,31.0,4.0,0.0,0.0,inf,inf
PRODUCT USAGE,8.0,1.0,8.0,1.0,1.0,1.0
PATRIOTIC THEME,9.0,1.0,0.0,0.0,inf,inf
CAMERA PHONE COMPARISON,9.0,1.0,0.0,0.0,inf,inf
NOTABLE AUDIO EFFECTS,17.0,2.0,0.0,0.0,inf,inf
PERSONAL RENDITION,8.0,1.0,0.0,0.0,inf,inf
MELODIC PHRASES,9.0,1.0,0.0,0.0,inf,inf
SITTING DOWN,7.0,1.0,0.0,0.0,inf,inf
BLACK PEOPLE,6.0,1.0,0.0,0.0,inf,inf
QUIET BACKGROUND SOUNDS,0.0,0.0,6.0,1.0,0.0,0.0
PLANTS,18.0,3.0,5.0,1.0,3.6,3.0
PACKETS,8.0,1.0,0.0,0.0,inf,inf
CHANDELIER,0.0,0.0,7.0,1.0,0.0,0.0
MODERN URBAN SETTING,0.0,0.0,9.0,1.0,0.0,0.0
ACOUSTIC GUITARS,15.0,1.0,0.0,0.0,inf,inf
OTHER PERCUSSION,0.0,0.0,7.0,1.0,0.0,0.0
AUTO-TUNE,7.0,1.0,7.0,1.0,1.0,1.0
ANGRY TONE,8.0,1.0,0.0,0.0,inf,inf
WINDOW,19.0,3.0,14.0,2.0,1.3571428571428572,1.5
RIGHT HAND,16.0,2.0,8.0,1.0,2.0,2.0
CEILING LIGHT FIXTURE,5.0,1.0,0.0,0.0,inf,inf
BUBBLE BATH,8.0,1.0,0.0,0.0,inf,inf
COORDINATED ATTIRE,8.0,1.0,0.0,0.0,inf,inf
PRESENTING,8.0,1.0,0.0,0.0,inf,inf
PIXEL FEATURES SERIES,7.0,1.0,0.0,0.0,inf,inf
BRAND NAMES,7.0,1.0,14.0,2.0,0.5,0.5
COUNTING GESTURE,7.0,1.0,15.0,1.0,0.4666666666666667,1.0
GLASS PARTITIONS,0.0,0.0,7.0,1.0,0.0,0.0
HEART ON FINGER,0.0,0.0,7.0,1.0,0.0,0.0
FESTIVE ATMOSPHERE,16.0,2.0,25.0,3.0,0.64,0.6666666666666666
GENTLE GESTURES,8.0,1.0,0.0,0.0,inf,inf
PROMOTIONAL ASPECT,8.0,1.0,0.0,0.0,inf,inf
PARKED CAR,0.0,0.0,6.0,1.0,0.0,0.0
SMALL PAINTING,0.0,0.0,6.0,1.0,0.0,0.0
VERBAL INTRODUCTION,0.0,0.0,6.0,1.0,0.0,0.0
SHOPPING,8.0,1.0,7.0,1.0,1.1428571428571428,1.0
SIGNS,0.0,0.0,7.0,1.0,0.0,0.0
INDOOR ELEMENTS,0.0,0.0,7.0,1.0,0.0,0.0
MORNING VLOG,8.0,1.0,9.0,1.0,0.8888888888888888,1.0
CONVERSATIONAL TONE,78.0,9.0,23.0,3.0,3.391304347826087,3.0
POSITIVE EMOTIONS,8.0,1.0,8.0,1.0,1.0,1.0
CONFIDENT STRUTTING,0.0,0.0,8.0,1.0,0.0,0.0
TORTILLA DUALITY,0.0,0.0,15.0,1.0,0.0,0.0
MERCEDES BENZ STADIUM,9.0,1.0,0.0,0.0,inf,inf
SMOOTH CONTOUR,5.0,1.0,0.0,0.0,inf,inf
COMFORT,51.0,6.0,24.0,3.0,2.125,2.0
BREAKUP THEME,7.0,1.0,0.0,0.0,inf,inf
BRIGHT YELLOW JACKET,0.0,0.0,8.0,1.0,0.0,0.0
FRIENDLY INTERACTION,0.0,0.0,7.0,1.0,0.0,0.0
RHYTHMICALLY DRIVEN DELIVERY,6.0,1.0,0.0,0.0,inf,inf
SLOW SPEECH RATE,36.0,4.0,23.0,3.0,1.565217391304348,1.3333333333333333
IRRITATED TONE,16.0,1.0,0.0,0.0,inf,inf
BASSLINE PULSE,0.0,0.0,8.0,1.0,0.0,0.0
INTRODUCTION TEXT,0.0,0.0,8.0,1.0,0.0,0.0
CLEAR BLUE SKIES,0.0,0.0,8.0,1.0,0.0,0.0
WARM LIGHTING,64.0,8.0,14.0,2.0,4.571428571428571,4.0
BRUSHING MOTION,6.0,1.0,6.0,1.0,1.0,1.0
WOODEN CABINET,6.0,1.0,0.0,0.0,inf,inf
COMMENT ON SCREEN,8.0,1.0,0.0,0.0,inf,inf
PATTERNED PANTS,0.0,0.0,8.0,1.0,0.0,0.0
HUMOROUS SCENARIO,8.0,1.0,0.0,0.0,inf,inf
GLASS WALLS,0.0,0.0,7.0,1.0,0.0,0.0
BEACHSIDE VIBE,0.0,0.0,8.0,1.0,0.0,0.0
HAT,14.0,2.0,0.0,0.0,inf,inf
RACIAL OR CULTURAL DISCUSSION,10.0,1.0,0.0,0.0,inf,inf
NODDING WITH UNDERSTANDING,7.0,1.0,0.0,0.0,inf,inf
BRANDED CLEANING PRODUCT (LYSOL),0.0,0.0,8.0,1.0,0.0,0.0
GIF OF VAN MOVING,0.0,0.0,7.0,1.0,0.0,0.0
SLIGHT HEAD TILT,0.0,0.0,6.0,1.0,0.0,0.0
ANDROID PHONE,16.0,1.0,0.0,0.0,inf,inf
FACIAL FRAME ACCENTUATION,5.0,1.0,0.0,0.0,inf,inf
DISBELIEF AND FRUSTRATION,18.0,1.0,0.0,0.0,inf,inf
ENGAGEMENT STRATEGY,15.0,2.0,0.0,0.0,inf,inf
EASY TO REMEMBER,5.0,1.0,0.0,0.0,inf,inf
SHELVES WITH BOTTLES,7.0,1.0,0.0,0.0,inf,inf
RELAXED POSTURE,117.0,15.0,57.0,8.0,2.0526315789473686,1.875
DELAY,37.0,5.0,10.0,2.0,3.7,2.5
AMERICAN ACCENT,47.0,5.0,8.0,1.0,5.875,5.0
FACE,25.0,3.0,0.0,0.0,inf,inf
GOLD NECKLACE,7.0,1.0,0.0,0.0,inf,inf
POSTURE CORRECTOR/YOGA STICK,7.0,1.0,0.0,0.0,inf,inf
OPEN HAND RAISES,0.0,0.0,8.0,1.0,0.0,0.0
FAST-PACED BEAT,8.0,1.0,0.0,0.0,inf,inf
GROUND BEEF,17.0,2.0,0.0,0.0,inf,inf
CUSTOMER,0.0,0.0,8.0,1.0,0.0,0.0
EXCELLENT ARTICULATION CLARITY,9.0,1.0,0.0,0.0,inf,inf
POINTING FORWARD,7.0,1.0,0.0,0.0,inf,inf
SILENT SECTIONS,8.0,1.0,0.0,0.0,inf,inf
ENGAGING PACE,0.0,0.0,8.0,1.0,0.0,0.0
MAKEUP APPLICATION,45.0,5.0,0.0,0.0,inf,inf
PERCUSSIVE ATTACK,6.0,1.0,0.0,0.0,inf,inf
ASCENDING THEN DESCENDING,5.0,1.0,0.0,0.0,inf,inf
FLUID MOVEMENT,24.0,3.0,0.0,0.0,inf,inf
NEUTRAL/CURIOUS EXPRESSION,8.0,1.0,0.0,0.0,inf,inf
FAST-PACED EDITING,0.0,0.0,7.0,1.0,0.0,0.0
GREEN COLOR,7.0,1.0,0.0,0.0,inf,inf
SLEEK AESTHETIC,0.0,0.0,8.0,1.0,0.0,0.0
EXPRESSIVE EYES,22.0,3.0,0.0,0.0,inf,inf
DYNAMIC HAND GESTURES,9.0,1.0,0.0,0.0,inf,inf
EYE MOVEMENTS AND GAZE,7.0,1.0,0.0,0.0,inf,inf
DIM AMBIANCE,8.0,1.0,0.0,0.0,inf,inf
ROAD AND TRAFFIC,9.0,1.0,0.0,0.0,inf,inf
LAUGHS/CHUCKLES,13.0,2.0,5.0,1.0,2.6,2.0
OPEN HAND GESTURES,0.0,0.0,7.0,1.0,0.0,0.0
STANDING UPRIGHT,9.0,1.0,0.0,0.0,inf,inf
UP-DOWN CADENCE,16.0,1.0,0.0,0.0,inf,inf
OCCUPANT,6.0,1.0,0.0,0.0,inf,inf
WIDE SMILES,9.0,1.0,0.0,0.0,inf,inf
COMEDIC EFFECT,8.0,1.0,0.0,0.0,inf,inf
LYRICAL STRUCTURE,8.0,1.0,0.0,0.0,inf,inf
LONG PAUSES,19.0,3.0,0.0,0.0,inf,inf
SMILE AND ENTHUSIASM,9.0,1.0,0.0,0.0,inf,inf
CASUAL INDOOR SETTING,0.0,0.0,8.0,1.0,0.0,0.0
EXAGGERATED EXPRESSIONS,0.0,0.0,14.0,2.0,0.0,0.0
BACON,0.0,0.0,9.0,1.0,0.0,0.0
TEXT ON SCREEN,6.0,1.0,8.0,1.0,0.75,1.0
OUTDOOR FIELD,9.0,1.0,0.0,0.0,inf,inf
LIGHT BLUE HEADBAND,0.0,0.0,7.0,1.0,0.0,0.0
MUSIC CHOICE,6.0,1.0,0.0,0.0,inf,inf
DARK MOUNTAINOUS LANDSCAPE,0.0,0.0,6.0,1.0,0.0,0.0
BIRTHDAY GIFT,0.0,0.0,6.0,1.0,0.0,0.0
FEMALE VOICE,61.0,6.0,77.0,9.0,0.7922077922077922,0.6666666666666666
HUMOROUS TIKTOK SKIT,9.0,1.0,0.0,0.0,inf,inf
KITCHEN SETUP,0.0,0.0,9.0,1.0,0.0,0.0
LIGHT BEIGE OR CREAM WALLS,6.0,1.0,7.0,1.0,0.8571428571428571,1.0
HAND MOVEMENT,40.0,4.0,22.0,3.0,1.8181818181818181,1.3333333333333333
PRODUCT INTRODUCTION,57.0,8.0,31.0,4.0,1.8387096774193548,2.0
LAYERED VOCALS,14.0,2.0,0.0,0.0,inf,inf
SLOW SPEECH,7.0,1.0,6.0,1.0,1.1666666666666667,1.0
CLOSE-UP OF PHONE,9.0,1.0,0.0,0.0,inf,inf
WIDER PITCH RANGE,7.0,1.0,0.0,0.0,inf,inf
UPWARD INFLECTION,96.0,13.0,15.0,2.0,6.4,6.5
FRAMED PICTURE/ART,0.0,0.0,7.0,1.0,0.0,0.0
SUBSEQUENT FOCUS,7.0,1.0,0.0,0.0,inf,inf
VIDEO STYLE,6.0,1.0,0.0,0.0,inf,inf
TRANSITION,15.0,2.0,0.0,0.0,inf,inf
EMPHASIS AND SARCASM,9.0,1.0,0.0,0.0,inf,inf
UNCLEAR CONSONANTS,0.0,0.0,6.0,1.0,0.0,0.0
TECHNICAL SPECIFICATIONS,8.0,1.0,0.0,0.0,inf,inf
MALE RAPPER,7.0,1.0,0.0,0.0,inf,inf
MENACING TONE,0.0,0.0,18.0,1.0,0.0,0.0
REFLECTIVE HUBCAPS,0.0,0.0,6.0,1.0,0.0,0.0
HUMOROUS VOCALIZATION,8.0,1.0,0.0,0.0,inf,inf
DYNAMIC HAND AND FINGER GESTURES,8.0,1.0,0.0,0.0,inf,inf
RHYTHMIC GESTURES,0.0,0.0,8.0,1.0,0.0,0.0
SMILE AND POSITIVITY,8.0,1.0,0.0,0.0,inf,inf
WINDOWS PHONE,9.0,1.0,0.0,0.0,inf,inf
NATURAL BACKGROUND,8.0,1.0,0.0,0.0,inf,inf
SIGHS,52.0,8.0,10.0,2.0,5.2,4.0
MINOR SHIFTS IN POSTURE,0.0,0.0,7.0,1.0,0.0,0.0
VISUAL FOCUS,24.0,3.0,7.0,1.0,3.4285714285714284,3.0
STRUGGLING,8.0,1.0,0.0,0.0,inf,inf
EMPHASIS REPETITION,8.0,1.0,0.0,0.0,inf,inf
SYNTHESIZED INSTRUMENTALS,7.0,1.0,0.0,0.0,inf,inf
POSITIVE EXPERIENCE,15.0,2.0,0.0,0.0,inf,inf
CLEAR ARTICULATION,77.0,8.0,9.0,1.0,8.555555555555555,8.0
DEEP VOICE HUMMING,7.0,1.0,0.0,0.0,inf,inf
OPEN HAND MOVEMENT,0.0,0.0,7.0,1.0,0.0,0.0
REPETITIVE MOTIONS,0.0,0.0,8.0,1.0,0.0,0.0
THREE WOMEN,0.0,0.0,8.0,1.0,0.0,0.0
SPONSORED CONTENT INDICATORS,13.0,2.0,6.0,1.0,2.1666666666666665,2.0
NATURAL TONES,0.0,0.0,7.0,1.0,0.0,0.0
36-SECOND CLIP,8.0,1.0,0.0,0.0,inf,inf
RISING INFLECTION,7.0,1.0,8.0,1.0,0.875,1.0
ANIMATED FACIAL EXPRESSIONS,9.0,1.0,16.0,2.0,0.5625,0.5
HAND AND FINGER GESTURES,155.0,20.0,77.0,9.0,2.012987012987013,2.2222222222222223
SURPRISED EXPRESSION,6.0,1.0,0.0,0.0,inf,inf
IPHONE AND ANDROID,8.0,1.0,0.0,0.0,inf,inf
CLEAR PRONUNCIATION,9.0,1.0,0.0,0.0,inf,inf
COMMENT BUBBLE,8.0,1.0,0.0,0.0,inf,inf
LONG HAIR,7.0,1.0,0.0,0.0,inf,inf
VALENTINE'S DAY SELF-CARE,10.0,1.0,0.0,0.0,inf,inf
BEDROOM,8.0,1.0,8.0,1.0,1.0,1.0
COACHING ROLE,0.0,0.0,7.0,1.0,0.0,0.0
SOCIAL MEDIA ICONS,7.0,1.0,0.0,0.0,inf,inf
CEILING FAN,19.0,3.0,0.0,0.0,inf,inf
NON-VERBAL VOCALIZATIONS,6.0,1.0,7.0,1.0,0.8571428571428571,1.0
RAINDROPS,6.0,1.0,0.0,0.0,inf,inf
TWITTER VERIFICATION,9.0,1.0,0.0,0.0,inf,inf
LIGHTING,21.0,3.0,20.0,3.0,1.05,1.0
OVERALL HUMOR,0.0,0.0,9.0,1.0,0.0,0.0
SOCIAL MEDIA TAG,6.0,1.0,0.0,0.0,inf,inf
COMFORTABLE AND CONFIDENT DEMEANOR,18.0,1.0,8.0,1.0,2.25,1.0
MALE VOCALS,13.0,2.0,16.0,2.0,0.8125,1.0
EXPENSIVE BELONGINGS,0.0,0.0,7.0,1.0,0.0,0.0
CLICKING SOUND,6.0,1.0,0.0,0.0,inf,inf
REASON FOR DEVIATION,9.0,1.0,0.0,0.0,inf,inf
OPEN MOUTH,29.0,4.0,14.0,2.0,2.0714285714285716,2.0
CONFIDENT POSING,0.0,0.0,8.0,1.0,0.0,0.0
HAND MOTION,6.0,1.0,0.0,0.0,inf,inf
PAUSES,34.0,5.0,0.0,0.0,inf,inf
NEED547,8.0,1.0,0.0,0.0,inf,inf
SMART CAR FEATURES,7.0,1.0,0.0,0.0,inf,inf
NATURAL SILENCES,8.0,1.0,0.0,0.0,inf,inf
SUNNY DAY,16.0,2.0,0.0,0.0,inf,inf
COZY AND INTIMATE ATMOSPHERE,0.0,0.0,8.0,1.0,0.0,0.0
TESLA FEATURES,7.0,1.0,0.0,0.0,inf,inf
OCCASIONAL SMILES,6.0,1.0,0.0,0.0,inf,inf
SIDE LOCKS AND HANDLES,0.0,0.0,6.0,1.0,0.0,0.0
SPEECH TEMPO,0.0,0.0,8.0,1.0,0.0,0.0
POV STYLE,0.0,0.0,9.0,1.0,0.0,0.0
SINGING WITH BACKGROUND MUSIC,9.0,1.0,0.0,0.0,inf,inf
FAKE EYELASHES,8.0,1.0,0.0,0.0,inf,inf
LOGOS OR BRAND NAMES,7.0,1.0,0.0,0.0,inf,inf
INQUISITIVENESS,0.0,0.0,7.0,1.0,0.0,0.0
PAUSE AFTER LAUGHTER,7.0,1.0,7.0,1.0,1.0,1.0
AUDIO CLIP,15.0,2.0,17.0,2.0,0.8823529411764706,1.0
MAROON HOODIE,8.0,1.0,0.0,0.0,inf,inf
WRIST MOVEMENT,7.0,1.0,0.0,0.0,inf,inf
SPEAKING RATE,8.0,1.0,0.0,0.0,inf,inf
LIGHT FIXTURE,10.0,2.0,0.0,0.0,inf,inf
RELAXED BUT ATTENTIVE POSTURE,9.0,1.0,0.0,0.0,inf,inf
SUNDAY VIBES,0.0,0.0,7.0,1.0,0.0,0.0
BEEP SOUND,22.0,4.0,0.0,0.0,inf,inf
DOOR,22.0,4.0,6.0,1.0,3.6666666666666665,4.0
POSITIVE EMOTIONAL STATE,70.0,8.0,8.0,1.0,8.75,8.0
"TOPPER ""4""",7.0,1.0,0.0,0.0,inf,inf
CAT,8.0,1.0,8.0,1.0,1.0,1.0
CATCHY POP SONG,9.0,1.0,0.0,0.0,inf,inf
TALL TREES,5.0,1.0,9.0,1.0,0.5555555555555556,1.0
MOON,0.0,0.0,9.0,1.0,0.0,0.0
SILENCE EMOTIONAL IMPACT,5.0,1.0,0.0,0.0,inf,inf
BREAKFAST,6.0,1.0,0.0,0.0,inf,inf
PERCUSSION,19.0,3.0,0.0,0.0,inf,inf
MODERATELY PACED SPEECH,9.0,1.0,0.0,0.0,inf,inf
BARITONE RANGE,6.0,1.0,0.0,0.0,inf,inf
MEASURING SPOONS,7.0,1.0,0.0,0.0,inf,inf
POSTERS AND SIGNS,7.0,1.0,0.0,0.0,inf,inf
MUTED BOAT COLOR,0.0,0.0,7.0,1.0,0.0,0.0
POSITIVE AND ENGAGED EMOTIONAL STATE,0.0,0.0,8.0,1.0,0.0,0.0
GAME OR CHALLENGE,9.0,1.0,0.0,0.0,inf,inf
NIGHT SKY,0.0,0.0,8.0,1.0,0.0,0.0
TRAP BEAT,6.0,1.0,22.0,2.0,0.2727272727272727,0.5
DIRECT CAMERA GAZE,17.0,2.0,0.0,0.0,inf,inf
HOME KITCHEN,8.0,1.0,0.0,0.0,inf,inf
LOVE AND PERSEVERANCE,8.0,1.0,0.0,0.0,inf,inf
BALANCED MUSCLE DEVELOPMENT,8.0,1.0,0.0,0.0,inf,inf
SCENTED CANDLES,8.0,1.0,0.0,0.0,inf,inf
GRAY CABINETS,8.0,1.0,0.0,0.0,inf,inf
BAKTOPIA,7.0,1.0,0.0,0.0,inf,inf
LUSH GREEN GRASS,7.0,1.0,0.0,0.0,inf,inf
PRO PAINT,0.0,0.0,6.0,1.0,0.0,0.0
AUDIO DESCRIPTION REQUEST,5.0,1.0,0.0,0.0,inf,inf
MOON SHOT CAPABILITIES,8.0,1.0,0.0,0.0,inf,inf
WOODEN SHELF,0.0,0.0,7.0,1.0,0.0,0.0
DIVERSE ETHNICITIES,18.0,1.0,0.0,0.0,inf,inf
MUSICAL STYLE,8.0,1.0,0.0,0.0,inf,inf
CAMERA PANNING,0.0,0.0,8.0,1.0,0.0,0.0
"""SALES PITCH"" INFLECTION",9.0,1.0,0.0,0.0,inf,inf
TENSION,8.0,1.0,0.0,0.0,inf,inf
MOCKING TONE,7.0,1.0,0.0,0.0,inf,inf
PART 1 SPEECH,8.0,1.0,0.0,0.0,inf,inf
CASUAL GESTURES,7.0,1.0,0.0,0.0,inf,inf
WATER POURING,7.0,1.0,0.0,0.0,inf,inf
BASS DRUM,14.0,2.0,0.0,0.0,inf,inf
MEDIUM PAUSES,28.0,4.0,0.0,0.0,inf,inf
CHEF'S APRON,8.0,1.0,0.0,0.0,inf,inf
CALMNESS AND AUTHENTICITY,9.0,1.0,0.0,0.0,inf,inf
CAPTIONS,0.0,0.0,7.0,1.0,0.0,0.0
AUDIENCE ENGAGEMENT,29.0,4.0,22.0,3.0,1.3181818181818181,1.3333333333333333
COUPLE,0.0,0.0,7.0,1.0,0.0,0.0
SMILING,127.0,13.0,32.0,4.0,3.96875,3.25
SPEECH INDICATION,6.0,1.0,0.0,0.0,inf,inf
CONTINUOUS DELIVERY STYLE,6.0,1.0,0.0,0.0,inf,inf
FEATURES,17.0,2.0,0.0,0.0,inf,inf
CAR,25.0,3.0,9.0,1.0,2.7777777777777777,3.0
INTERVAL RUNNING,8.0,1.0,0.0,0.0,inf,inf
GLASS BREAKING,6.0,1.0,0.0,0.0,inf,inf
ENTHUSIASM AND AFFECTION,9.0,1.0,0.0,0.0,inf,inf
CONFIDENT AND EXPRESSIVE DEMEANOR,9.0,1.0,0.0,0.0,inf,inf
BLUE AND BLACK COLORS,7.0,1.0,0.0,0.0,inf,inf
MUSICAL AUDIO,9.0,1.0,0.0,0.0,inf,inf
NEUTRAL COLORS,13.0,2.0,22.0,3.0,0.5909090909090909,0.6666666666666666
ROTATION AND MOVEMENT,5.0,1.0,0.0,0.0,inf,inf
EXPRESSIVE AND ANIMATED,8.0,1.0,0.0,0.0,inf,inf
TEXT ELEMENTS,16.0,2.0,0.0,0.0,inf,inf
LOUD MUSIC,0.0,0.0,7.0,1.0,0.0,0.0
BLUE AND WHITE STRIPED COMFORTER,6.0,1.0,0.0,0.0,inf,inf
TWELVE MONTHS OF THE YEAR,7.0,1.0,0.0,0.0,inf,inf
PHRASE ENDING QUESTIONS,7.0,1.0,0.0,0.0,inf,inf
EQUAL RIGHTS,9.0,1.0,0.0,0.0,inf,inf
WARM SMILE,15.0,2.0,9.0,1.0,1.6666666666666667,2.0
VOLUME ANALYSIS,24.0,2.0,0.0,0.0,inf,inf
RACE,7.0,1.0,0.0,0.0,inf,inf
PRODUCT PLACEMENT,121.0,17.0,44.0,5.0,2.75,3.4
ECHOES,0.0,0.0,8.0,1.0,0.0,0.0
SUBTLE BRANDING,8.0,1.0,0.0,0.0,inf,inf
RUSTIC ATMOSPHERE,0.0,0.0,8.0,1.0,0.0,0.0
MINIMAL PAUSES,7.0,1.0,0.0,0.0,inf,inf
NEUTRAL TONES,81.0,13.0,28.0,4.0,2.892857142857143,3.25
CONFIDENT SPEAKING,9.0,1.0,0.0,0.0,inf,inf
ELECTRONIC BEAT,22.0,3.0,0.0,0.0,inf,inf
SUBTLE HEAD MOVEMENTS,8.0,1.0,0.0,0.0,inf,inf
CYCLIC ARM MOVEMENT,6.0,1.0,0.0,0.0,inf,inf
STIRRING,6.0,1.0,0.0,0.0,inf,inf
POP SONG,65.0,6.0,0.0,0.0,inf,inf
12S ULTRA,9.0,1.0,0.0,0.0,inf,inf
EXPRESSION OF ENTHUSIASM,0.0,0.0,7.0,1.0,0.0,0.0
STABLE AND CLOSE-UP FRAMING,8.0,1.0,0.0,0.0,inf,inf
HEADBAND,0.0,0.0,8.0,1.0,0.0,0.0
LIVE RECORDING FEEL,0.0,0.0,7.0,1.0,0.0,0.0
BARBER TRAINING,8.0,1.0,0.0,0.0,inf,inf
WOODEN CEILING,0.0,0.0,7.0,1.0,0.0,0.0
COMPOUND INTEREST,8.0,1.0,0.0,0.0,inf,inf
RELAXED AND SATISFIED EXPRESSION,7.0,1.0,0.0,0.0,inf,inf
PINK COLOR,7.0,1.0,0.0,0.0,inf,inf
HIGH-ENERGY,8.0,1.0,0.0,0.0,inf,inf
FREQUENT SHORT PAUSES,16.0,2.0,0.0,0.0,inf,inf
OVERALL IMPRESSION,16.0,2.0,9.0,1.0,1.7777777777777777,2.0
TERABOX APP,17.0,1.0,0.0,0.0,inf,inf
COMFORTABLE WORKOUT,7.0,1.0,0.0,0.0,inf,inf
STADIUM DESCRIPTION,7.0,1.0,0.0,0.0,inf,inf
ENGAGED EXPRESSION,23.0,3.0,0.0,0.0,inf,inf
INITIAL HEAD POSITION,7.0,1.0,0.0,0.0,inf,inf
CALL-AND-RESPONSE,0.0,0.0,8.0,1.0,0.0,0.0
CLICKBAIT OPPORTUNITY,0.0,0.0,7.0,1.0,0.0,0.0
TABLE LAMP,6.0,1.0,7.0,1.0,0.8571428571428571,1.0
HIGH-PITCHED VOCALIZATION,6.0,1.0,0.0,0.0,inf,inf
HANDS TO FACE,0.0,0.0,7.0,1.0,0.0,0.0
DEEP BASS DRUM,14.0,2.0,6.0,1.0,2.3333333333333335,2.0
CLASSROOM,7.0,1.0,0.0,0.0,inf,inf
SUPPORTIVE HAND UNDER CHIN,6.0,1.0,0.0,0.0,inf,inf
CLEAR GLASS,8.0,1.0,0.0,0.0,inf,inf
RAP SONG,33.0,3.0,9.0,1.0,3.6666666666666665,3.0
PACING,16.0,2.0,0.0,0.0,inf,inf
INDEX FINGER GESTURE,8.0,1.0,0.0,0.0,inf,inf
MOTIVATION AND MILITARY-RELATED CONTENT,8.0,1.0,0.0,0.0,inf,inf
HAIR CLIPS,6.0,1.0,0.0,0.0,inf,inf
AMERICAN FLAG,7.0,1.0,0.0,0.0,inf,inf
GREEN SHIRT,6.0,1.0,0.0,0.0,inf,inf
POSTURE,7.0,1.0,6.0,1.0,1.1666666666666667,1.0
ENGAGEMENT AND RELUCTANCE,0.0,0.0,7.0,1.0,0.0,0.0
WAVING MOTION,14.0,2.0,0.0,0.0,inf,inf
"CAP WITH ""BATTLE AGILE""",8.0,1.0,0.0,0.0,inf,inf
SHOULDERS,0.0,0.0,7.0,1.0,0.0,0.0
MICROPHONE,23.0,2.0,16.0,1.0,1.4375,2.0
EYE CONTACT,162.0,15.0,53.0,6.0,3.056603773584906,2.5
NEUTRAL TO ENGAGED STATE,8.0,1.0,0.0,0.0,inf,inf
SOCIAL MEDIA INTERACTION,8.0,1.0,0.0,0.0,inf,inf
FINGER GESTURES,7.0,1.0,0.0,0.0,inf,inf
PLAIN BACKGROUND,0.0,0.0,5.0,1.0,0.0,0.0
HEAD SWAYS,6.0,1.0,0.0,0.0,inf,inf
HOME OR OFFICE WORKSPACE,7.0,1.0,0.0,0.0,inf,inf
PRO CHEF,0.0,0.0,15.0,1.0,0.0,0.0
POTTED PLANT,12.0,2.0,11.0,2.0,1.0909090909090908,1.0
GLOWING LAMP,7.0,1.0,0.0,0.0,inf,inf
FORMAL ATTIRE,8.0,1.0,0.0,0.0,inf,inf
FOCUSED AND CONCENTRATED,8.0,1.0,0.0,0.0,inf,inf
JOKING TONE,7.0,1.0,0.0,0.0,inf,inf
CASUAL ATTIRE,44.0,6.0,22.0,3.0,2.0,2.0
EMOTIONAL DELIVERY,16.0,2.0,0.0,0.0,inf,inf
EXPRESSIVE MOVEMENT,0.0,0.0,7.0,1.0,0.0,0.0
CLOTHES HANGERS,0.0,0.0,7.0,1.0,0.0,0.0
NEON YELLOW SHORTS AND SHOES,8.0,1.0,0.0,0.0,inf,inf
INDOOR SETTING,460.0,57.0,160.0,21.0,2.875,2.7142857142857144
ROMANTIC MOOD,8.0,1.0,0.0,0.0,inf,inf
WISHFUL THINKING CAKES,7.0,1.0,0.0,0.0,inf,inf
TRANSLUCENT CLOTH,6.0,1.0,0.0,0.0,inf,inf
SYNTHESIZED MELODY AND BASS LINE,8.0,1.0,0.0,0.0,inf,inf
MILD AMUSEMENT,7.0,1.0,0.0,0.0,inf,inf
KOREAN BARBECUE RESTAURANT,6.0,1.0,0.0,0.0,inf,inf
SPECIFIC MOMENTS,0.0,0.0,7.0,1.0,0.0,0.0
COZY ROOM,8.0,1.0,14.0,2.0,0.5714285714285714,0.5
DRAWN-OUT WORD,7.0,1.0,0.0,0.0,inf,inf
SLIGHT ECHO/REVERB,6.0,1.0,0.0,0.0,inf,inf
GRAPHICS,7.0,1.0,0.0,0.0,inf,inf
AUDIO ANALYSIS DATA,0.0,0.0,5.0,1.0,0.0,0.0
LIGHTING FIXTURE,6.0,1.0,0.0,0.0,inf,inf
NEUTRAL EXPRESSION,30.0,4.0,15.0,2.0,2.0,2.0
ENTHUSIASM/EXCITEMENT,17.0,2.0,0.0,0.0,inf,inf
TREE,0.0,0.0,5.0,1.0,0.0,0.0
MEAT,18.0,2.0,0.0,0.0,inf,inf
CASUAL SETTING,82.0,11.0,24.0,3.0,3.4166666666666665,3.6666666666666665
OPEN HAND,15.0,1.0,0.0,0.0,inf,inf
MUTED LIGHTING,7.0,1.0,6.0,1.0,1.1666666666666667,1.0
ENDURANCE,8.0,1.0,0.0,0.0,inf,inf
CUSTOM CAKES,8.0,1.0,0.0,0.0,inf,inf
AUDIO DESCRIPTION,182.0,23.0,49.0,6.0,3.7142857142857144,3.8333333333333335
SWEATER,0.0,0.0,7.0,1.0,0.0,0.0
SIGNIFICANT SILENCE,0.0,0.0,8.0,1.0,0.0,0.0
HEAD NODS,0.0,0.0,7.0,1.0,0.0,0.0
PERCEIVED LOUDNESS,0.0,0.0,6.0,1.0,0.0,0.0
CHORD TRANSITIONS,8.0,1.0,0.0,0.0,inf,inf
CHANTING AND YELLING,8.0,1.0,0.0,0.0,inf,inf
DARK-COLORED CAP,7.0,1.0,0.0,0.0,inf,inf
INSPECTION,8.0,1.0,0.0,0.0,inf,inf
8-BIT VIDEO GAME MUSIC,7.0,1.0,0.0,0.0,inf,inf
MALE SINGING,6.0,1.0,0.0,0.0,inf,inf
LIP-SYNCING,24.0,3.0,0.0,0.0,inf,inf
TACO SEASONING,7.0,1.0,0.0,0.0,inf,inf
SURPRISED REACTION,7.0,1.0,0.0,0.0,inf,inf
SOCIAL MEDIA COOKING CHANNEL,0.0,0.0,8.0,1.0,0.0,0.0
DISTORTED ECHO,6.0,1.0,0.0,0.0,inf,inf
FIRST LOOK,8.0,1.0,0.0,0.0,inf,inf
THOUGHTFUL MANNER,9.0,1.0,0.0,0.0,inf,inf
INGREDIENTS LIST,8.0,1.0,0.0,0.0,inf,inf
EXCITEMENT,41.0,4.0,49.0,6.0,0.8367346938775511,0.6666666666666666
DECOR,8.0,1.0,6.0,1.0,1.3333333333333333,1.0
DOG,16.0,2.0,7.0,1.0,2.2857142857142856,2.0
EYE MOVEMENTS & FOCUS,8.0,1.0,0.0,0.0,inf,inf
FRUSTRATION WITH HYPOCRISY,9.0,1.0,0.0,0.0,inf,inf
FILLER WORDS,24.0,4.0,0.0,0.0,inf,inf
GRAY BRICK WALL,0.0,0.0,7.0,1.0,0.0,0.0
JEWELRY SHOPPING,6.0,1.0,0.0,0.0,inf,inf
ATTENTION TO BRANDING,6.0,1.0,0.0,0.0,inf,inf
SIGH 0:07,8.0,1.0,0.0,0.0,inf,inf
UPBEAT,8.0,1.0,0.0,0.0,inf,inf
ATTITUDE AND EXPRESSION,9.0,1.0,0.0,0.0,inf,inf
FLYER,7.0,1.0,0.0,0.0,inf,inf
JAM JAR WINES,10.0,1.0,0.0,0.0,inf,inf
ENGAGEMENT,58.0,7.0,32.0,4.0,1.8125,1.75
SEATED POSTURE,15.0,2.0,7.0,1.0,2.142857142857143,2.0
CABINETS OR CLOSETS,0.0,0.0,6.0,1.0,0.0,0.0
FEMALE VOCAL MELODY,8.0,1.0,0.0,0.0,inf,inf
ROOF VENT OR POP-UP FEATURE,0.0,0.0,7.0,1.0,0.0,0.0
TEXT OVERLAY,383.0,47.0,186.0,24.0,2.0591397849462365,1.9583333333333333
SINGER,9.0,1.0,0.0,0.0,inf,inf
MONITOR,7.0,1.0,0.0,0.0,inf,inf
CONVERSATIONAL VOLUME,8.0,1.0,0.0,0.0,inf,inf
CHRISTOPHER CHAOS LOGO,8.0,1.0,0.0,0.0,inf,inf
LASH GLUE,8.0,1.0,0.0,0.0,inf,inf
MARATHON ADVICE,0.0,0.0,9.0,1.0,0.0,0.0
WARM AMBIANCE,0.0,0.0,8.0,1.0,0.0,0.0
STANDING POSTURE,43.0,6.0,7.0,1.0,6.142857142857143,6.0
WALKIE-TALKIE,8.0,1.0,0.0,0.0,inf,inf
DRUMS,7.0,1.0,8.0,1.0,0.875,1.0
SUNGLASSES,0.0,0.0,8.0,1.0,0.0,0.0
NEUTRAL COLOR PALETTE,0.0,0.0,7.0,1.0,0.0,0.0
FINGER POSITION,0.0,0.0,7.0,1.0,0.0,0.0
ELECTRONIC DRUMS,7.0,1.0,0.0,0.0,inf,inf
TECHNOLOGY REVIEW,9.0,1.0,0.0,0.0,inf,inf
WATER BOTTLE,6.0,1.0,0.0,0.0,inf,inf
STEADY PACE,16.0,2.0,0.0,0.0,inf,inf
RELEASING,7.0,1.0,0.0,0.0,inf,inf
POOL DECK,0.0,0.0,8.0,1.0,0.0,0.0
NODDING HEAD,7.0,1.0,0.0,0.0,inf,inf
VEHICLES IN BACKGROUND,5.0,1.0,0.0,0.0,inf,inf
MONEY SAVING,8.0,1.0,0.0,0.0,inf,inf
AUDIO FILE,16.0,2.0,7.0,1.0,2.2857142857142856,2.0
INTRODUCTION AND DISPLAY,18.0,2.0,0.0,0.0,inf,inf
NATURAL SPEECH FLOW,9.0,1.0,0.0,0.0,inf,inf
ENVIRONMENT,26.0,4.0,0.0,0.0,inf,inf
SIGH,38.0,7.0,26.0,4.0,1.4615384615384615,1.75
HEAD MOVEMENTS,139.0,20.0,102.0,14.0,1.3627450980392157,1.4285714285714286
PERSON,0.0,0.0,8.0,1.0,0.0,0.0
ARTIFICIAL LIGHT,6.0,1.0,0.0,0.0,inf,inf
"COUNTRY AS A ""JOKE""",9.0,1.0,0.0,0.0,inf,inf
LACK OF MELODIC CONTENT,8.0,1.0,0.0,0.0,inf,inf
PROMOTIONAL CODES,7.0,1.0,0.0,0.0,inf,inf
SHORT LAUGH,7.0,1.0,0.0,0.0,inf,inf
CONFIDENT AND ENTHUSIASTIC EXPRESSION,0.0,0.0,9.0,1.0,0.0,0.0
TIKTOK HANDLE,46.0,7.0,7.0,1.0,6.571428571428571,7.0
LIGHTHEARTED REFLECTION ON AGE,0.0,0.0,8.0,1.0,0.0,0.0
HUMOROUS APPROACH,8.0,1.0,0.0,0.0,inf,inf
POINTING UPWARD,7.0,1.0,0.0,0.0,inf,inf
FAST TEMPO,7.0,1.0,9.0,1.0,0.7777777777777778,1.0
SLANG,0.0,0.0,7.0,1.0,0.0,0.0
FLOOR RUG,5.0,1.0,0.0,0.0,inf,inf
GROUP WORKOUT SESSION,7.0,1.0,0.0,0.0,inf,inf
HIGH HEAT,9.0,1.0,0.0,0.0,inf,inf
SLIGHT LISP,6.0,1.0,0.0,0.0,inf,inf
DARK-COLORED CHAIR,5.0,1.0,0.0,0.0,inf,inf
FRAMED PICTURE,11.0,2.0,0.0,0.0,inf,inf
CORI,7.0,1.0,0.0,0.0,inf,inf
LAUGH,34.0,5.0,0.0,0.0,inf,inf
PURPOSE,7.0,1.0,0.0,0.0,inf,inf
TIED UP HAIR,0.0,0.0,7.0,1.0,0.0,0.0
CHRISTMAS TREE,0.0,0.0,15.0,1.0,0.0,0.0
PHONE SMASHING,9.0,1.0,0.0,0.0,inf,inf
EMOTIONAL TURMOIL,9.0,1.0,0.0,0.0,inf,inf
SAUCE PACKETS,0.0,0.0,7.0,1.0,0.0,0.0
POOR ARTICULATION CLARITY,33.0,4.0,8.0,1.0,4.125,4.0
SITTING POSITION,7.0,1.0,8.0,1.0,0.875,1.0
GENRE,6.0,1.0,0.0,0.0,inf,inf
DISGUST TOWARDS CLEAR IPHONE CASES,8.0,1.0,0.0,0.0,inf,inf
FAST ENERGIZED TONE,8.0,1.0,0.0,0.0,inf,inf
TERRACOTTA POT,6.0,1.0,0.0,0.0,inf,inf
NATURAL SETTING,10.0,1.0,6.0,1.0,1.6666666666666667,1.0
NO COMPLEX SIGNALS,7.0,1.0,0.0,0.0,inf,inf
BARE TREES AND OVERCAST SKY,7.0,1.0,0.0,0.0,inf,inf
BRAND-SPECIFIC HASHTAGS,0.0,0.0,7.0,1.0,0.0,0.0
SEASONING MEAT,8.0,1.0,0.0,0.0,inf,inf
CONSISTENT TONE,8.0,1.0,0.0,0.0,inf,inf
LIGHT BROWN OR BEIGE WALL,7.0,1.0,0.0,0.0,inf,inf
PRODUCT,15.0,2.0,9.0,1.0,1.6666666666666667,2.0
EYE MOVEMENT,95.0,13.0,49.0,7.0,1.9387755102040816,1.8571428571428572
WIDENED EYES,6.0,1.0,0.0,0.0,inf,inf
BLUE ICY THEME,9.0,1.0,0.0,0.0,inf,inf
PLAYFUL POUT,0.0,0.0,7.0,1.0,0.0,0.0
CHEERFULNESS,0.0,0.0,9.0,1.0,0.0,0.0
SILENCE DURATION,5.0,1.0,0.0,0.0,inf,inf
WOODEN SPOON,8.0,1.0,0.0,0.0,inf,inf
SLOWER PACE FOR EMPHASIS,8.0,1.0,0.0,0.0,inf,inf
VISUAL CONTEXT,8.0,1.0,0.0,0.0,inf,inf
NARROWED EYES,6.0,1.0,0.0,0.0,inf,inf
DISCLAMERS,7.0,1.0,0.0,0.0,inf,inf
TEXT BRAND ON HOODIE,0.0,0.0,14.0,1.0,0.0,0.0
RELAXING VIBE,0.0,0.0,8.0,1.0,0.0,0.0
AESTHETICS,0.0,0.0,8.0,1.0,0.0,0.0
EMPHASIS & PAUSES,8.0,1.0,0.0,0.0,inf,inf
WAVEFORMS AND SPECTROGRAMS,5.0,1.0,0.0,0.0,inf,inf
GRAPHICAL ELEMENTS,8.0,1.0,0.0,0.0,inf,inf
IRONY IN CELEBRATION,8.0,1.0,0.0,0.0,inf,inf
FRUSTRATION,8.0,1.0,0.0,0.0,inf,inf
WALL UTENSILS,0.0,0.0,7.0,1.0,0.0,0.0
VIEWER'S COMMENT,16.0,2.0,0.0,0.0,inf,inf
SPONSORED CONTENT,80.0,11.0,30.0,4.0,2.6666666666666665,2.75
LAUGHTER,61.0,9.0,41.0,5.0,1.4878048780487805,1.8
POSITIVE AND ENGAGING TONE,8.0,1.0,0.0,0.0,inf,inf
40 YEARS OLD,7.0,1.0,0.0,0.0,inf,inf
FREE TERABYTE OF CLOUD STORAGE,9.0,1.0,0.0,0.0,inf,inf
WHITE AND BEIGE TONES,0.0,0.0,7.0,1.0,0.0,0.0
FURROWED BROWS,13.0,2.0,0.0,0.0,inf,inf
GESTURING WITH LEFT HAND,0.0,0.0,7.0,1.0,0.0,0.0
SLOWER SPEECH,15.0,2.0,0.0,0.0,inf,inf
MICROPHONE STAND,0.0,0.0,7.0,1.0,0.0,0.0
HESITATIONS/STUTTERS,7.0,1.0,0.0,0.0,inf,inf
SURPRISED/EXCITED EXPRESSION,8.0,1.0,0.0,0.0,inf,inf
COMEDIC OR STORYTELLING THEME,0.0,0.0,8.0,1.0,0.0,0.0
BLACK CAP,0.0,0.0,7.0,1.0,0.0,0.0
LUXURIOUS LIFESTYLE,0.0,0.0,7.0,1.0,0.0,0.0
WORDS EXPRESSING ENTHUSIASM,7.0,1.0,0.0,0.0,inf,inf
INDEX FINGER,15.0,2.0,0.0,0.0,inf,inf
QUESTIONING UPWARD INFLECTION,0.0,0.0,7.0,1.0,0.0,0.0
QUIET ENVIRONMENT,103.0,13.0,0.0,0.0,inf,inf
BIRD ON BOAT,0.0,0.0,6.0,1.0,0.0,0.0
SPOKEN WORDS,18.0,2.0,0.0,0.0,inf,inf
SPONSORED PARTNERSHIP,8.0,1.0,0.0,0.0,inf,inf
COMPUTER,0.0,0.0,8.0,1.0,0.0,0.0
WHISK STIRRING,7.0,1.0,0.0,0.0,inf,inf
COFFEE SHOP SETTING,0.0,0.0,8.0,1.0,0.0,0.0
GRILL OR GRIDDLE SURFACE,8.0,1.0,0.0,0.0,inf,inf
PERSON IN FIELD,8.0,1.0,0.0,0.0,inf,inf
EMPHASIS WITH PITCH UPSWING,8.0,1.0,0.0,0.0,inf,inf
SOFT YELLOWS,0.0,0.0,7.0,1.0,0.0,0.0
NO EXPLICIT BRANDING,6.0,1.0,0.0,0.0,inf,inf
AUDIO SAMPLE,0.0,0.0,7.0,1.0,0.0,0.0
CROW,0.0,0.0,8.0,1.0,0.0,0.0
LOWER PITCHES,7.0,1.0,0.0,0.0,inf,inf
LEG MOVEMENT,8.0,1.0,0.0,0.0,inf,inf
TIKTOK USERNAME,42.0,6.0,14.0,2.0,3.0,3.0
NATURAL INTONATION,6.0,1.0,0.0,0.0,inf,inf
CHAIN NECKLACE,6.0,1.0,0.0,0.0,inf,inf
HOMEGROWN TALENT,8.0,1.0,0.0,0.0,inf,inf
HIP HOP SONG,7.0,1.0,0.0,0.0,inf,inf
BRAGGING ABOUT MERCEDES,0.0,0.0,7.0,1.0,0.0,0.0
CONTEMPORARY ARCHITECTURE,0.0,0.0,6.0,1.0,0.0,0.0
DIRECT ENGAGEMENT,18.0,2.0,0.0,0.0,inf,inf
EXAGGERATED TONE,7.0,1.0,0.0,0.0,inf,inf
MAKEUP BRUSH,8.0,1.0,0.0,0.0,inf,inf
FOCUS,8.0,1.0,14.0,2.0,0.5714285714285714,0.5
AUDIO EFFECTS,64.0,8.0,14.0,2.0,4.571428571428571,4.0
SMILES,7.0,1.0,0.0,0.0,inf,inf
SLIGHT HEAD NOD,7.0,1.0,0.0,0.0,inf,inf
LARGE POT,8.0,1.0,0.0,0.0,inf,inf
BLACK OBJECT,14.0,2.0,0.0,0.0,inf,inf
WEATHER CONDITIONS,0.0,0.0,63.0,1.0,0.0,0.0
RMS VOLUME,0.0,0.0,5.0,1.0,0.0,0.0
KITCHEN CABINETS,6.0,1.0,0.0,0.0,inf,inf
CONVERSATIONAL PITCH,9.0,1.0,0.0,0.0,inf,inf
NARRATIVE THEME,0.0,0.0,7.0,1.0,0.0,0.0
CARRY TWO PHONES,7.0,1.0,0.0,0.0,inf,inf
LYRICS,110.0,14.0,38.0,4.0,2.8947368421052633,3.5
TRANSCRIPT ACCURACY,6.0,1.0,0.0,0.0,inf,inf
STEADY RHYTHM,7.0,1.0,0.0,0.0,inf,inf
INFLUENCER'S ROLE,0.0,0.0,9.0,1.0,0.0,0.0
MALE COMPANION,0.0,0.0,8.0,1.0,0.0,0.0
INDOOR COZY ROOM,9.0,1.0,0.0,0.0,inf,inf
PERC 30,0.0,0.0,5.0,1.0,0.0,0.0
FURNITURE GLIMPSES,5.0,1.0,0.0,0.0,inf,inf
LIMITED PITCH RANGE,20.0,3.0,0.0,0.0,inf,inf
CLEAR WATER,0.0,0.0,8.0,1.0,0.0,0.0
MISSING CONTEXT,0.0,0.0,6.0,1.0,0.0,0.0
PATTERNS OR SIGNALS,14.0,2.0,5.0,1.0,2.8,2.0
MALE ARTIST,0.0,0.0,7.0,1.0,0.0,0.0
TACO BELL,0.0,0.0,8.0,1.0,0.0,0.0
CONVERSATIONAL FLOW,0.0,0.0,8.0,1.0,0.0,0.0
STEADY AND FOCUSED RUNNING TECHNIQUE,9.0,1.0,0.0,0.0,inf,inf
RHYTHMIC STRUMMING,8.0,1.0,0.0,0.0,inf,inf
HEAD TILTS,22.0,3.0,5.0,1.0,4.4,3.0
WHITE WALLS,6.0,1.0,7.0,1.0,0.8571428571428571,1.0
WATER,0.0,0.0,8.0,1.0,0.0,0.0
FOOD AND DRINK ITEMS,0.0,0.0,8.0,1.0,0.0,0.0
VISIBLE ITEMS,6.0,1.0,0.0,0.0,inf,inf
UNEVEN PACING,0.0,0.0,6.0,1.0,0.0,0.0
MALE VOCAL,7.0,1.0,0.0,0.0,inf,inf
CAMERA,14.0,2.0,15.0,2.0,0.9333333333333333,1.0
CLOUD STORAGE,9.0,1.0,0.0,0.0,inf,inf
ENERGETIC MOVEMENT,0.0,0.0,8.0,1.0,0.0,0.0
FINAL POSITION,0.0,0.0,14.0,2.0,0.0,0.0
MOONLIT SKY,0.0,0.0,7.0,1.0,0.0,0.0
NATHANIEL HUGHES,8.0,1.0,0.0,0.0,inf,inf
REQUEST FOR TIPS,8.0,1.0,0.0,0.0,inf,inf
FOOT MOVEMENT,15.0,2.0,0.0,0.0,inf,inf
LOOSE-FITTING TOP,0.0,0.0,7.0,1.0,0.0,0.0
COLLABORATION SUGGESTION,15.0,1.0,0.0,0.0,inf,inf
EMOTIONAL INTENSITY,7.0,1.0,0.0,0.0,inf,inf
WHITE MARBLE TABLETOP,7.0,1.0,0.0,0.0,inf,inf
GAZE SHIFT,15.0,2.0,0.0,0.0,inf,inf
HASHTAGS,0.0,0.0,12.0,2.0,0.0,0.0
POSITIVE AND ENTHUSIASTIC DEMEANOR,9.0,1.0,9.0,1.0,1.0,1.0
CALL TO ACTION,92.0,12.0,20.0,3.0,4.6,4.0
ANIMATED SCENE,0.0,0.0,8.0,1.0,0.0,0.0
PEACE SIGN GESTURE,20.0,3.0,5.0,1.0,4.0,3.0
DECORATED SPACE,0.0,0.0,7.0,1.0,0.0,0.0
GIRL,0.0,0.0,6.0,1.0,0.0,0.0
INTRODUCTION,30.0,4.0,15.0,2.0,2.0,2.0
AUDIO BEAT,7.0,1.0,0.0,0.0,inf,inf
FITNESS EVENT,8.0,1.0,0.0,0.0,inf,inf
STEADY EYE CONTACT,18.0,2.0,9.0,1.0,2.0,2.0
FOCUS SHIFTS,0.0,0.0,7.0,1.0,0.0,0.0
SIGNS OF SINCERITY,8.0,1.0,16.0,2.0,0.5,0.5
INVESTMENT SUGGESTIONS,7.0,1.0,0.0,0.0,inf,inf
AUTOTUNE,12.0,1.0,11.0,2.0,1.0909090909090908,0.5
RELAXATION AND ENJOYMENT,9.0,1.0,0.0,0.0,inf,inf
CONFIDENCE AND CHARISMA,9.0,1.0,0.0,0.0,inf,inf
NO BACKGROUND MUSIC,4.0,1.0,9.0,1.0,0.4444444444444444,1.0
MIRROR,53.0,8.0,30.0,4.0,1.7666666666666666,2.0
MUSIC OR SOUND,0.0,0.0,7.0,1.0,0.0,0.0
SUBJECTIVITY,6.0,1.0,6.0,1.0,1.0,1.0
FACTUAL INTERJECTION,8.0,1.0,0.0,0.0,inf,inf
STRONG RHYTHM,7.0,1.0,0.0,0.0,inf,inf
TRIES TO LOOK SERIOUS,0.0,0.0,8.0,1.0,0.0,0.0
TIKTOK HANDLE @MYTHICALKITCHEN,0.0,0.0,8.0,1.0,0.0,0.0
CONTENT AND REFLECTIVE EXPRESSION,9.0,1.0,0.0,0.0,inf,inf
CHANGE IN TONE,7.0,1.0,0.0,0.0,inf,inf
SPEAKING TO CAMERA,9.0,1.0,0.0,0.0,inf,inf
ARM AND HAND GESTURES,8.0,1.0,0.0,0.0,inf,inf
POSITIVE AND ENERGETIC DEMEANOR,8.0,1.0,0.0,0.0,inf,inf
RHYTHMIC MOVEMENT,0.0,0.0,15.0,1.0,0.0,0.0
SPONSORED POST,27.0,3.0,0.0,0.0,inf,inf
SUSPENSE,0.0,0.0,7.0,1.0,0.0,0.0
ROLLING TOWELS,8.0,1.0,0.0,0.0,inf,inf
RELAXED AND PLEASANT MOOD,0.0,0.0,8.0,1.0,0.0,0.0
RED HAIR,15.0,2.0,0.0,0.0,inf,inf
FRIENDLY PERSUASIVE TONE,8.0,1.0,0.0,0.0,inf,inf
BRIGHT WHITE MOON,0.0,0.0,8.0,1.0,0.0,0.0
TRANSFORMATION INDICATION,7.0,1.0,0.0,0.0,inf,inf
STABLE HEAD,6.0,1.0,0.0,0.0,inf,inf
ENERGETIC DELIVERY,0.0,0.0,8.0,1.0,0.0,0.0
PRODUCT FEATURE,6.0,1.0,17.0,2.0,0.35294117647058826,0.5
DELICIOUS MEAL,8.0,1.0,0.0,0.0,inf,inf
HEAD AND EYE MOVEMENT,8.0,1.0,0.0,0.0,inf,inf
TABBY CAT,8.0,1.0,0.0,0.0,inf,inf
GLASS WALLS WITH WOODEN FRAMES,0.0,0.0,7.0,1.0,0.0,0.0
CALM AND NEUTRAL,8.0,1.0,0.0,0.0,inf,inf
VOCAL EXCLAMATION,7.0,1.0,0.0,0.0,inf,inf
POTENTIAL PAUSE LOCATIONS,7.0,1.0,0.0,0.0,inf,inf
NATURAL LIGHT,31.0,5.0,13.0,2.0,2.3846153846153846,2.5
SEARCHING FOR A WORD,6.0,1.0,0.0,0.0,inf,inf
FAST-PACED SPEECH,17.0,2.0,23.0,3.0,0.7391304347826086,0.6666666666666666
DISBELIEF,8.0,1.0,7.0,1.0,1.1428571428571428,1.0
EXPRESSIVE EYE AND HEAD MOVEMENTS,0.0,0.0,8.0,1.0,0.0,0.0
ORNAMENT,0.0,0.0,6.0,1.0,0.0,0.0
TIMING,7.0,1.0,0.0,0.0,inf,inf
BLACK HISTORY MONTH,17.0,1.0,0.0,0.0,inf,inf
POLICE REFORM,9.0,1.0,0.0,0.0,inf,inf
TROPICAL SETTING,8.0,1.0,0.0,0.0,inf,inf
HOTEL SNOB,0.0,0.0,8.0,1.0,0.0,0.0
THE AXE GAME,8.0,1.0,0.0,0.0,inf,inf
BED,11.0,2.0,7.0,1.0,1.5714285714285714,2.0
FOOD,0.0,0.0,7.0,1.0,0.0,0.0
NECKLACE,13.0,2.0,0.0,0.0,inf,inf
SOUNDS,8.0,1.0,7.0,1.0,1.1428571428571428,1.0
DRINK PREPARATION THEME,9.0,1.0,0.0,0.0,inf,inf
SMALL CROW,0.0,0.0,8.0,1.0,0.0,0.0
REPETITIVE STRUCTURE,14.0,2.0,9.0,1.0,1.5555555555555556,2.0
SURPRISE/SHOCK,0.0,0.0,8.0,1.0,0.0,0.0
RUNNING ON TREADMILL,18.0,1.0,0.0,0.0,inf,inf
FIRST-PERSON PRODUCT REVIEW,9.0,1.0,0.0,0.0,inf,inf
ROOM INSPECTION,0.0,0.0,8.0,1.0,0.0,0.0
ROWBOAT,0.0,0.0,8.0,1.0,0.0,0.0
DESK SETUP,0.0,0.0,8.0,1.0,0.0,0.0
RHETORICAL QUESTIONS,8.0,1.0,0.0,0.0,inf,inf
MANUAL ERGONOMICS,0.0,0.0,8.0,1.0,0.0,0.0
MELODIC HOOKS,8.0,1.0,0.0,0.0,inf,inf
CONFIDENT SMARTPHONE HOLD,8.0,1.0,0.0,0.0,inf,inf
THOUGHTFUL/ENGAGED EXPRESSION,8.0,1.0,0.0,0.0,inf,inf
GLOSSY COUNTER,6.0,1.0,0.0,0.0,inf,inf
SOFTWARE LIMITATIONS,5.0,1.0,0.0,0.0,inf,inf
SOCIAL MEDIA HANDLE,26.0,4.0,7.0,1.0,3.7142857142857144,4.0
MAIN PHONE,8.0,1.0,0.0,0.0,inf,inf
EXPRESSIVE VOICE,24.0,3.0,0.0,0.0,inf,inf
POSTURE CHANGES,6.0,1.0,0.0,0.0,inf,inf
NONVERBAL SOUNDS,6.0,1.0,0.0,0.0,inf,inf
TONGS,8.0,1.0,0.0,0.0,inf,inf
INTERACTING WITH PHONE,8.0,1.0,0.0,0.0,inf,inf
"NAME ""EDEN""",7.0,1.0,0.0,0.0,inf,inf
SYNTHESIZED SOUND EFFECT,7.0,1.0,0.0,0.0,inf,inf
SLIGHT AMUSEMENT,7.0,1.0,0.0,0.0,inf,inf
EDUCATION OF OFFICERS,8.0,1.0,0.0,0.0,inf,inf
OPEN PALM,7.0,1.0,0.0,0.0,inf,inf
DIRECT CAMERA ENGAGEMENT,8.0,1.0,0.0,0.0,inf,inf
VINTAGE CLOTHING,9.0,1.0,0.0,0.0,inf,inf
SIGH 0:10,8.0,1.0,0.0,0.0,inf,inf
MALE INFLUENCER,335.0,27.0,114.0,8.0,2.93859649122807,3.375
THE PUNCH,0.0,0.0,9.0,1.0,0.0,0.0
WIDE EYES AND RAISED EYEBROWS,8.0,1.0,0.0,0.0,inf,inf
VERY QUIET ENVIRONMENT,8.0,1.0,0.0,0.0,inf,inf
0:00-0:01 SILENCE,0.0,0.0,7.0,1.0,0.0,0.0
APPROACHING 30S,0.0,0.0,7.0,1.0,0.0,0.0
DYNAMIC POSTURE,0.0,0.0,7.0,1.0,0.0,0.0
PERSONAL ACCOMPLISHMENTS,7.0,1.0,0.0,0.0,inf,inf
ANIMATED NARRATION,0.0,0.0,9.0,1.0,0.0,0.0
FEMALE VOCAL,15.0,2.0,0.0,0.0,inf,inf
WINE FEATURE,10.0,1.0,0.0,0.0,inf,inf
FORWARD FOCUS,6.0,1.0,0.0,0.0,inf,inf
TIKTOK WATERMARK,81.0,12.0,60.0,7.0,1.35,1.7142857142857142
SHIMMERY EYE MAKEUP,0.0,0.0,9.0,1.0,0.0,0.0
VALLEY VOLUME,7.0,1.0,0.0,0.0,inf,inf
AVERAGE SPEAKING RATE,17.0,2.0,0.0,0.0,inf,inf
MAKEUP LOOK,9.0,1.0,9.0,1.0,1.0,1.0
128 GIGABYTES,6.0,1.0,0.0,0.0,inf,inf
BLUE CHECKMARK,6.0,1.0,0.0,0.0,inf,inf
ACCESSORIES,6.0,1.0,0.0,0.0,inf,inf
CONTEXTUAL CLUES,0.0,0.0,7.0,1.0,0.0,0.0
LIGHT GRAY SWEATSHIRT,7.0,1.0,0.0,0.0,inf,inf
CAMERA MODULE,7.0,1.0,0.0,0.0,inf,inf
COMMERCIAL OR PRODUCT REVIEW,8.0,1.0,0.0,0.0,inf,inf
EYE MOVEMENTS,164.0,23.0,86.0,12.0,1.9069767441860466,1.9166666666666667
PARKING LOT,7.0,1.0,0.0,0.0,inf,inf
REVERB,55.0,8.0,22.0,4.0,2.5,2.0
TOYS ON THE FLOOR,0.0,0.0,7.0,1.0,0.0,0.0
SURPRISED GASP,7.0,1.0,7.0,1.0,1.0,1.0
SPONSORED CONTENT STRATEGIES,6.0,1.0,0.0,0.0,inf,inf
TILED BACKSPLASH,13.0,2.0,0.0,0.0,inf,inf
ANIMATED EXPRESSIONS,17.0,2.0,8.0,1.0,2.125,2.0
FACIAL EXPRESSIONS,106.0,12.0,17.0,2.0,6.235294117647059,6.0
LIVELY AFRICAN SONG,0.0,0.0,9.0,1.0,0.0,0.0
TECH-RELATED VIBE,8.0,1.0,0.0,0.0,inf,inf
CHANDALIER,0.0,0.0,7.0,1.0,0.0,0.0
RAPID-FIRE DELIVERY,8.0,1.0,0.0,0.0,inf,inf
CAMERA PHONE CAPABILITIES,9.0,1.0,0.0,0.0,inf,inf
ENTHUSIASTIC TONE,8.0,1.0,0.0,0.0,inf,inf
REPEATING DRUM BEAT,0.0,0.0,8.0,1.0,0.0,0.0
FEW HOUSES,5.0,1.0,0.0,0.0,inf,inf
CONSISTENT PAUSES,8.0,1.0,0.0,0.0,inf,inf
RED LIGHTS,7.0,1.0,0.0,0.0,inf,inf
CLASSIC VEHICLE,0.0,0.0,9.0,1.0,0.0,0.0
COMFORT AND CONFIDENCE,7.0,1.0,0.0,0.0,inf,inf
NOSTALGIA,0.0,0.0,23.0,3.0,0.0,0.0
DINING EXPERIENCE,0.0,0.0,8.0,1.0,0.0,0.0
LACK OF REPRESENTATION,9.0,1.0,0.0,0.0,inf,inf
MEDIUM PITCH,6.0,1.0,0.0,0.0,inf,inf
TEXT OVERLAYS,25.0,4.0,27.0,4.0,0.9259259259259259,1.0
METAL STOOLS,0.0,0.0,7.0,1.0,0.0,0.0
SPONSORSHIP INDICATORS,53.0,8.0,27.0,4.0,1.962962962962963,2.0
ENTHUSIASTIC INTERACTION,0.0,0.0,8.0,1.0,0.0,0.0
CONTROLLED ENVIRONMENT,22.0,2.0,0.0,0.0,inf,inf
FINGERS SPREAD,6.0,1.0,0.0,0.0,inf,inf
SPONSORSHIP IDENTIFICATION,13.0,2.0,5.0,1.0,2.6,2.0
PIXEL'S VOICE DICTATION CAPABILITIES,9.0,1.0,0.0,0.0,inf,inf
SPEECH PACE,8.0,1.0,8.0,1.0,1.0,1.0
BASEBALL CAP,0.0,0.0,8.0,1.0,0.0,0.0
DANCING,0.0,0.0,17.0,2.0,0.0,0.0
PLAYFUL GESTURE,7.0,1.0,0.0,0.0,inf,inf
GRIP AND HOLD,15.0,2.0,0.0,0.0,inf,inf
FRAMED ARTWORK,0.0,0.0,13.0,2.0,0.0,0.0
RUNNING ATTIRE,8.0,1.0,0.0,0.0,inf,inf
VIEWER ENGAGEMENT,0.0,0.0,9.0,1.0,0.0,0.0
UPBEAT TONE,14.0,2.0,7.0,1.0,2.0,2.0
PITCH RISE PATTERN,7.0,1.0,0.0,0.0,inf,inf
DUMBBELLS,6.0,1.0,0.0,0.0,inf,inf
REPETITIVE PATTERN,7.0,1.0,0.0,0.0,inf,inf
HAND RAISING,0.0,0.0,8.0,1.0,0.0,0.0
POLICE BRUTALITY,9.0,1.0,0.0,0.0,inf,inf
VINYL RECORD SCRATCH,6.0,1.0,0.0,0.0,inf,inf
SPREAD FINGERS,7.0,1.0,0.0,0.0,inf,inf
PREPARING A DRINK OR MEAL,9.0,1.0,0.0,0.0,inf,inf
PLAYFUL TONE,0.0,0.0,5.0,1.0,0.0,0.0
HANGING POTS AND PANS,0.0,0.0,7.0,1.0,0.0,0.0
CASUAL AT-HOME ENVIRONMENT,8.0,1.0,0.0,0.0,inf,inf
DEEP MALE VOICE,8.0,1.0,18.0,2.0,0.4444444444444444,0.5
SOUND EFFECTS,20.0,3.0,7.0,1.0,2.857142857142857,3.0
TIKTOK LOGO,44.0,7.0,13.0,2.0,3.3846153846153846,3.5
BRACELETS,11.0,2.0,0.0,0.0,inf,inf
HIGHER PITCHES,7.0,1.0,0.0,0.0,inf,inf
BACKGROUND ELEMENTS,0.0,0.0,6.0,1.0,0.0,0.0
OBLIVIOUSNESS TO THE PROBLEM,8.0,1.0,0.0,0.0,inf,inf
CALMING VIBE,0.0,0.0,8.0,1.0,0.0,0.0
STYLIZED LEAF GRAPHICS,7.0,1.0,0.0,0.0,inf,inf
REPETITIVE ELECTRONIC BEAT,7.0,1.0,0.0,0.0,inf,inf
AMUSED/ENTERTAINED EXPRESSION,8.0,1.0,0.0,0.0,inf,inf
VACUUM CLEANER,8.0,1.0,0.0,0.0,inf,inf
EXCITED AND ENGAGED,8.0,1.0,0.0,0.0,inf,inf
CLOSE-UPS,8.0,1.0,6.0,1.0,1.3333333333333333,1.0
PEACE SIGN,27.0,4.0,13.0,2.0,2.076923076923077,2.0
HESITATIONS/FILLER WORDS,65.0,10.0,17.0,3.0,3.823529411764706,3.3333333333333335
DYNAMIC SHIFTS,8.0,1.0,0.0,0.0,inf,inf
CLOTHING RACK,20.0,2.0,16.0,2.0,1.25,1.0
GYM OR HOME WORKOUT AREA,8.0,1.0,0.0,0.0,inf,inf
FASTER SPEED,7.0,1.0,0.0,0.0,inf,inf
SATIRE,8.0,1.0,0.0,0.0,inf,inf
PLAYFULNESS OR LIGHTHEARTEDNESS,0.0,0.0,8.0,1.0,0.0,0.0
FOCUS ON FITNESS,8.0,1.0,0.0,0.0,inf,inf
NEON SIGNS,6.0,1.0,0.0,0.0,inf,inf
GASP,8.0,1.0,0.0,0.0,inf,inf
FEMALE VOCALS,55.0,7.0,8.0,1.0,6.875,7.0
"TEXT ""AHEAD OF ITS TIME""",8.0,1.0,0.0,0.0,inf,inf
BEIGE WALL,5.0,1.0,0.0,0.0,inf,inf
MIXING BOWL,9.0,1.0,0.0,0.0,inf,inf
MID-MOVEMENT,0.0,0.0,7.0,1.0,0.0,0.0
PERSON 1,8.0,1.0,0.0,0.0,inf,inf
BEACHSIDE ROAD,0.0,0.0,7.0,1.0,0.0,0.0
RECIPE VIDEO,10.0,1.0,0.0,0.0,inf,inf
BREAKUP,8.0,1.0,0.0,0.0,inf,inf
BABY DADDY,7.0,1.0,0.0,0.0,inf,inf
PARENTS,8.0,1.0,6.0,1.0,1.3333333333333333,1.0
TOY XYLOPHONE SOUND,7.0,1.0,0.0,0.0,inf,inf
VOCAL AFFECTATION,0.0,0.0,5.0,1.0,0.0,0.0
RELAXED GRIP,7.0,1.0,0.0,0.0,inf,inf
WIDE-OPEN EYES,8.0,1.0,0.0,0.0,inf,inf
GAMING CHAIR,7.0,1.0,0.0,0.0,inf,inf
MAIN CAMERA,9.0,1.0,0.0,0.0,inf,inf
MUSICAL TRACK,7.0,1.0,0.0,0.0,inf,inf
FOOD-RELATED ACTIVITY,0.0,0.0,9.0,1.0,0.0,0.0
PLAY STORE,14.0,1.0,0.0,0.0,inf,inf
FAMILY,14.0,2.0,7.0,1.0,2.0,2.0
UPBEAT MUSIC,97.0,13.0,7.0,1.0,13.857142857142858,13.0
SPEAKING PERSON,10.0,1.0,0.0,0.0,inf,inf
LAUGHS/SCOFFS,7.0,1.0,0.0,0.0,inf,inf
DECIBEL LEVEL,0.0,0.0,4.0,1.0,0.0,0.0
RECIPE DEMONSTRATION,9.0,1.0,0.0,0.0,inf,inf
DESK LAMP,0.0,0.0,7.0,1.0,0.0,0.0
SERIOUS TONE,7.0,1.0,0.0,0.0,inf,inf
KITCHEN UTENSILS,6.0,1.0,0.0,0.0,inf,inf
SPEAKING VOICE,0.0,0.0,9.0,1.0,0.0,0.0
NATURAL FLOW,0.0,0.0,8.0,1.0,0.0,0.0
SPEECH RATE,69.0,9.0,14.0,2.0,4.928571428571429,4.5
PANNING,0.0,0.0,4.0,1.0,0.0,0.0
WARM EARTHY TONES,7.0,1.0,0.0,0.0,inf,inf
MEDIUM SILENCES,308.0,41.0,144.0,19.0,2.138888888888889,2.1578947368421053
BADGE BUNNIES,16.0,1.0,0.0,0.0,inf,inf
BACKGROUND NOISE,317.0,46.0,135.0,20.0,2.348148148148148,2.3
LACK OF DRAMATIC SHIFTS,7.0,1.0,0.0,0.0,inf,inf
"TEXT ""2022... THAT'S A WRAP""",7.0,1.0,0.0,0.0,inf,inf
ENGAGING DEMEANOR,17.0,2.0,0.0,0.0,inf,inf
RAPID RHYTHMIC ELECTRONIC BEAT,7.0,1.0,0.0,0.0,inf,inf
RELAXED AND OPEN POSTURE,9.0,1.0,0.0,0.0,inf,inf
EXCLAMATORY SOUNDS,7.0,1.0,0.0,0.0,inf,inf
CHEERFUL MOOD,8.0,1.0,0.0,0.0,inf,inf
RELAXATION/CONTENTMENT,0.0,0.0,8.0,1.0,0.0,0.0
CLAPS ON THE OFFBEAT,7.0,1.0,0.0,0.0,inf,inf
NEUTRAL STYLE,7.0,1.0,0.0,0.0,inf,inf
NATURAL NARRATIVE STYLE,0.0,0.0,9.0,1.0,0.0,0.0
BRIGHT ATHLETIC GEAR,8.0,1.0,0.0,0.0,inf,inf
PROMINENT DRUMS,7.0,1.0,0.0,0.0,inf,inf
GRASSY FIELD,9.0,1.0,0.0,0.0,inf,inf
PHONE VIBRATION,6.0,1.0,0.0,0.0,inf,inf
HAND GESTURE,106.0,14.0,50.0,7.0,2.12,2.0
PERSONAL STORY,0.0,0.0,7.0,1.0,0.0,0.0
WIND AND CARS,6.0,1.0,0.0,0.0,inf,inf
LOW VOLUME,6.0,1.0,0.0,0.0,inf,inf
SPONSORED PRODUCT,17.0,2.0,0.0,0.0,inf,inf
BLUE AND TAN COLORS,0.0,0.0,7.0,1.0,0.0,0.0
ELECTRONIC DRUM BEAT,19.0,2.0,14.0,2.0,1.3571428571428572,1.0
LUNCH,0.0,0.0,7.0,1.0,0.0,0.0
RHYTHMIC MELODY,7.0,1.0,0.0,0.0,inf,inf
GRAY PAVEMENT,5.0,1.0,0.0,0.0,inf,inf
FABRIC BACKDROP,7.0,1.0,0.0,0.0,inf,inf
BRIGHT OVERHEAD LIGHTING,6.0,1.0,0.0,0.0,inf,inf
CLIPPING DETECTION,5.0,1.0,0.0,0.0,inf,inf
TRAVESTY OF A CRUISER,8.0,1.0,0.0,0.0,inf,inf
RUSTIC TEXTURE,7.0,1.0,0.0,0.0,inf,inf
PRODUCT OR SERVICE DISCUSSION,8.0,1.0,0.0,0.0,inf,inf
CAJON DRUM,15.0,1.0,0.0,0.0,inf,inf
INDOOR ENVIRONMENT,15.0,2.0,6.0,1.0,2.5,2.0
ICE SKATING RINK,8.0,1.0,0.0,0.0,inf,inf
TEXT OVERLAY COMMENT,7.0,1.0,0.0,0.0,inf,inf
METAL ON METAL SOUND,7.0,1.0,0.0,0.0,inf,inf
CASUAL HOME SETTING,0.0,0.0,9.0,1.0,0.0,0.0
FADE-IN,6.0,1.0,0.0,0.0,inf,inf
REPETITION,22.0,3.0,13.0,2.0,1.6923076923076923,1.5
STABLE POSTURE,8.0,1.0,0.0,0.0,inf,inf
ENTHUSIASM,86.0,10.0,66.0,7.0,1.303030303030303,1.4285714285714286
MODERN MINIMALISTIC ENVIRONMENT,8.0,1.0,0.0,0.0,inf,inf
"VOCAL EXCLAMATION ""WHAT""",7.0,1.0,0.0,0.0,inf,inf
ARM MOVEMENT,8.0,1.0,22.0,3.0,0.36363636363636365,0.3333333333333333
PEOPLE TALKING,0.0,0.0,9.0,1.0,0.0,0.0
CASUAL OUTFIT WITH CAP,7.0,1.0,0.0,0.0,inf,inf
RESTAURANT AMBIANCE,5.0,1.0,0.0,0.0,inf,inf
EXPRESSIVE HAND MOVEMENTS,9.0,1.0,0.0,0.0,inf,inf
PHOTOGRAPHER,0.0,0.0,15.0,1.0,0.0,0.0
WALKING THROUGH SPACE,0.0,0.0,8.0,1.0,0.0,0.0
LIST INTONATION,8.0,1.0,0.0,0.0,inf,inf
SIDEWALK,7.0,1.0,0.0,0.0,inf,inf
AFRICAN AMERICAN STUDIES,8.0,1.0,0.0,0.0,inf,inf
ROOM TONE,6.0,1.0,0.0,0.0,inf,inf
BRASS INSTRUMENTS,6.0,1.0,0.0,0.0,inf,inf
FRONT-FACING CAMERA,9.0,1.0,0.0,0.0,inf,inf
PROMOTING NIGERIAN TALENT,20.0,1.0,0.0,0.0,inf,inf
SQUEEZING FOR CONTROL,7.0,1.0,0.0,0.0,inf,inf
"DEEP, DISTORTED VOICE",0.0,0.0,9.0,1.0,0.0,0.0
REPETITIVE RHYTHMIC PATTERNS,0.0,0.0,8.0,1.0,0.0,0.0
STRONG EYE CONTACT,8.0,1.0,0.0,0.0,inf,inf
AYA NAKAMURA,8.0,1.0,0.0,0.0,inf,inf
SINGLE MALE SPEAKER,8.0,1.0,0.0,0.0,inf,inf
HUMOR,17.0,2.0,0.0,0.0,inf,inf
VOLUME DEVIATION,8.0,1.0,0.0,0.0,inf,inf
LIGHTING EFFECTS,0.0,0.0,8.0,1.0,0.0,0.0
WELL-DECORATED INTERIOR SPACE,0.0,0.0,8.0,1.0,0.0,0.0
PERSONAL STYLE CHOICES,7.0,1.0,0.0,0.0,inf,inf
SMOOTH AND PRECISE HAND MOVEMENTS,9.0,1.0,0.0,0.0,inf,inf
CONFIDENCE,25.0,3.0,0.0,0.0,inf,inf
BACKGROUND NOISE LEVEL,57.0,8.0,20.0,3.0,2.85,2.6666666666666665
HORIZONTAL MOTION,8.0,1.0,0.0,0.0,inf,inf
MONITOR OR TV SCREEN,7.0,1.0,0.0,0.0,inf,inf
VIDEO RECORDING CAPABILITIES,9.0,1.0,0.0,0.0,inf,inf
INTIMATE AND CONVERSATIONAL FEEL,6.0,1.0,0.0,0.0,inf,inf
HYPOTHETICAL SITUATION,8.0,1.0,0.0,0.0,inf,inf
ANIMATED HEAD MOVEMENTS,8.0,1.0,0.0,0.0,inf,inf
INFLUENCER,140.0,14.0,91.0,9.0,1.5384615384615385,1.5555555555555556
PEAK VOLUME,15.0,2.0,0.0,0.0,inf,inf
RUSTLING SOUNDS,25.0,4.0,12.0,2.0,2.0833333333333335,2.0
DRAMATIC SIGH,7.0,1.0,0.0,0.0,inf,inf
WORKSPACE SETUP,5.0,1.0,0.0,0.0,inf,inf
DISTORTED SYNTH MELODY,0.0,0.0,7.0,1.0,0.0,0.0
BEST BUY CANADA,9.0,1.0,0.0,0.0,inf,inf
OMINOUS CHIME,0.0,0.0,8.0,1.0,0.0,0.0
POV SCENARIO,0.0,0.0,9.0,1.0,0.0,0.0
ENTHUSIASM AND SINCERITY,17.0,2.0,0.0,0.0,inf,inf
DIRECTIONAL INDICATION,0.0,0.0,15.0,1.0,0.0,0.0
CAMERA EQUIPMENT,0.0,0.0,8.0,1.0,0.0,0.0
PHYSICAL HANDLING,8.0,1.0,0.0,0.0,inf,inf
GESTURE DESCRIPTION,7.0,1.0,0.0,0.0,inf,inf
TOXIC LASH GLUE,8.0,1.0,0.0,0.0,inf,inf
HALLWAY,0.0,0.0,8.0,1.0,0.0,0.0
VOLUME SPIKE,6.0,1.0,0.0,0.0,inf,inf
POTENTIALLY QUIETER MOMENTS,7.0,1.0,0.0,0.0,inf,inf
CLOTHING WITH TEXT,6.0,1.0,0.0,0.0,inf,inf
WELL-PACED AUDIO,9.0,1.0,0.0,0.0,inf,inf
BREATH POINTS,7.0,1.0,6.0,1.0,1.1666666666666667,1.0
SOFT BACKGROUND MUSIC,8.0,1.0,0.0,0.0,inf,inf
NIGHT-TIME BACKDROP,0.0,0.0,9.0,1.0,0.0,0.0
REPETITIVE RHYTHMIC VOCALIZATION,0.0,0.0,7.0,1.0,0.0,0.0
MAN'S VOICE,8.0,1.0,0.0,0.0,inf,inf
HESITATION/FILLER WORDS,7.0,1.0,0.0,0.0,inf,inf
SPENDING PRIORITIES,8.0,1.0,0.0,0.0,inf,inf
PRODUCT HANDLING,47.0,6.0,15.0,2.0,3.1333333333333333,3.0
NO TIME INFORMATION,5.0,1.0,0.0,0.0,inf,inf
SILENCES,23.0,3.0,14.0,2.0,1.6428571428571428,1.5
WALL DECOR,16.0,3.0,7.0,1.0,2.2857142857142856,3.0
MORNING ROUTINE,46.0,4.0,16.0,2.0,2.875,2.0
NORMAL CONVERSATIONAL PACE,8.0,1.0,0.0,0.0,inf,inf
LAUGHS,14.0,2.0,16.0,2.0,0.875,1.0
SELF-CARE ACTIVITIES,9.0,1.0,0.0,0.0,inf,inf
SKINCARE PRODUCTS,25.0,3.0,0.0,0.0,inf,inf
OVERALL CONTEXT,7.0,1.0,0.0,0.0,inf,inf
MEAL PREPARATION,9.0,1.0,7.0,1.0,1.2857142857142858,1.0
HEAD STABILITY,15.0,2.0,0.0,0.0,inf,inf
LIVELY MOVEMENTS,8.0,1.0,0.0,0.0,inf,inf
SPEECH RATE BREAKDOWN,0.0,0.0,7.0,1.0,0.0,0.0
CONSISTENT AUDIO VOLUME,8.0,1.0,0.0,0.0,inf,inf
512 GIGABYTE VERSION,6.0,1.0,0.0,0.0,inf,inf
QUIET AUDIO,5.0,1.0,0.0,0.0,inf,inf
FACIAL EXPRESSION,40.0,5.0,24.0,3.0,1.6666666666666667,1.6666666666666667
TRANSITION TO A DIFFERENT GESTURE,8.0,1.0,0.0,0.0,inf,inf
EMPHASIZING POINTS,8.0,1.0,0.0,0.0,inf,inf
RHYTHMIC HAND MOVEMENT,7.0,1.0,0.0,0.0,inf,inf
WARM LIGHT,12.0,2.0,0.0,0.0,inf,inf
SUICIDE CAR MODEL,0.0,0.0,6.0,1.0,0.0,0.0
PASTEL AND SOFT COLOR THEME,0.0,0.0,7.0,1.0,0.0,0.0
TABLE,6.0,1.0,14.0,2.0,0.42857142857142855,0.5
"USERNAME ""@HUNGER4MORE1212""",7.0,1.0,0.0,0.0,inf,inf
QUIET INDOOR ENVIRONMENT,42.0,6.0,21.0,3.0,2.0,2.0
HAND AND FINGER MOVEMENTS,48.0,6.0,22.0,2.0,2.1818181818181817,3.0
RAINY ROAD,7.0,1.0,0.0,0.0,inf,inf
NO LONG SILENCES,36.0,5.0,0.0,0.0,inf,inf
SECTION 2,9.0,1.0,0.0,0.0,inf,inf
MONOTONE DELIVERY,0.0,0.0,7.0,1.0,0.0,0.0
PROMOTIONAL TEXT,8.0,1.0,0.0,0.0,inf,inf
SYNTHESIZED MELODY,6.0,1.0,7.0,1.0,0.8571428571428571,1.0
FLORAL PATTERNS,0.0,0.0,6.0,1.0,0.0,0.0
CLEANING UP,0.0,0.0,8.0,1.0,0.0,0.0
PARKED CARS,6.0,1.0,0.0,0.0,inf,inf
ARTICULATION CLARITY,233.0,27.0,101.0,14.0,2.3069306930693068,1.9285714285714286
CONCENTRATION AND DEMONSTRATION,0.0,0.0,8.0,1.0,0.0,0.0
NEUTRAL TO ENGAGED,0.0,0.0,8.0,1.0,0.0,0.0
MOONLIGHT REFLECTION,0.0,0.0,8.0,1.0,0.0,0.0
ELEGANT HAIRSTYLE,7.0,1.0,0.0,0.0,inf,inf
FOLLOWER COUNT,7.0,1.0,0.0,0.0,inf,inf
WARM AMBIENT LIGHTING,7.0,1.0,0.0,0.0,inf,inf
POOLSIDE RELAXATION,0.0,0.0,9.0,1.0,0.0,0.0
HEADWEAR ON WALL,7.0,1.0,0.0,0.0,inf,inf
PALM TREES,7.0,1.0,16.0,2.0,0.4375,0.5
FRAMED PICTURES,0.0,0.0,5.0,1.0,0.0,0.0
DYNAMIC MOVEMENTS,16.0,2.0,8.0,1.0,2.0,2.0
CAVA ORDER,0.0,0.0,8.0,1.0,0.0,0.0
SMOOTHIE,6.0,1.0,0.0,0.0,inf,inf
SLIGHT PAUSE,7.0,1.0,0.0,0.0,inf,inf
OPEN POSTURE,7.0,1.0,0.0,0.0,inf,inf
THOUGHTFUL TO SMILING,8.0,1.0,0.0,0.0,inf,inf
VOLUME LEVEL,7.0,1.0,0.0,0.0,inf,inf
30 YEARS OLD,7.0,1.0,0.0,0.0,inf,inf
SPEECH RATE FLUCTUATION,16.0,2.0,0.0,0.0,inf,inf
SYNTH MELODY,0.0,0.0,5.0,1.0,0.0,0.0
TECH ENTHUSIASTS,8.0,1.0,0.0,0.0,inf,inf
DISTANT TREES OR BUSHES,6.0,1.0,0.0,0.0,inf,inf
SLOW AND MOURNFUL MELODY,7.0,1.0,0.0,0.0,inf,inf
GRAY AND WHITE COLORS,5.0,1.0,0.0,0.0,inf,inf
LAUGH 0:13,8.0,1.0,0.0,0.0,inf,inf
RELAXATION,8.0,1.0,0.0,0.0,inf,inf
ENERGY EXPENDITURE,7.0,1.0,0.0,0.0,inf,inf
CRITICISM OF POLICE CELEBRATION,9.0,1.0,0.0,0.0,inf,inf
DARK BROWN CABINETS,8.0,1.0,0.0,0.0,inf,inf
HUMOR/AMUSEMENT,0.0,0.0,8.0,1.0,0.0,0.0
OUTFIT,5.0,1.0,0.0,0.0,inf,inf
DRUM BEAT,8.0,1.0,0.0,0.0,inf,inf
OLDER RECORDING,0.0,0.0,5.0,1.0,0.0,0.0
DARK HAT,8.0,1.0,0.0,0.0,inf,inf
CARD,7.0,1.0,0.0,0.0,inf,inf
MAKEUP PRODUCTS,16.0,1.0,9.0,1.0,1.7777777777777777,1.0
PERSONAL TRAINER,0.0,0.0,7.0,1.0,0.0,0.0
MUMBLING,0.0,0.0,14.0,2.0,0.0,0.0
TREADMILL CONSOLE,7.0,1.0,0.0,0.0,inf,inf
CAP,7.0,1.0,0.0,0.0,inf,inf
RISING INFLECTION FOR QUESTIONS,8.0,1.0,0.0,0.0,inf,inf
SHADES OF BLUE AND WHITE,8.0,1.0,0.0,0.0,inf,inf
SMARTPHONE,28.0,2.0,8.0,1.0,3.5,2.0
REVERB AND DELAY,38.0,5.0,0.0,0.0,inf,inf
WIGGLING FINGERS,7.0,1.0,0.0,0.0,inf,inf
BLACK OUTFIT,6.0,1.0,0.0,0.0,inf,inf
HAT/CAP,0.0,0.0,7.0,1.0,0.0,0.0
PARTIALLY OPEN DOOR,5.0,1.0,4.0,1.0,1.25,1.0
AFRICAN-AMERICAN STUDIES,9.0,1.0,0.0,0.0,inf,inf
EXPLANATORY TONE DOWNWARD INFLECTION,0.0,0.0,7.0,1.0,0.0,0.0
THUMBS-UP,7.0,1.0,0.0,0.0,inf,inf
INDISTINCT MURMURS,0.0,0.0,5.0,1.0,0.0,0.0
SUSPENSE AND INTRIGUE,6.0,1.0,0.0,0.0,inf,inf
DORM ROOM,7.0,1.0,0.0,0.0,inf,inf
RUSTLING SOUND,6.0,1.0,0.0,0.0,inf,inf
CROUCHED POSITION,8.0,1.0,0.0,0.0,inf,inf
TREES,21.0,3.0,0.0,0.0,inf,inf
MAN IN LIGHT-COLORED SUIT,8.0,1.0,0.0,0.0,inf,inf
10-YEAR-OLD DEVICE,8.0,1.0,0.0,0.0,inf,inf
STORYTELLING,23.0,3.0,9.0,1.0,2.5555555555555554,3.0
WOODEN FRAMES,0.0,0.0,7.0,1.0,0.0,0.0
SMALL VACUUM CLEANER,7.0,1.0,0.0,0.0,inf,inf
VOLUME INCREASE,9.0,1.0,0.0,0.0,inf,inf
SHORT SILENCES,343.0,49.0,138.0,21.0,2.4855072463768115,2.3333333333333335
CONTEXT,12.0,2.0,6.0,1.0,2.0,2.0
BANANA SYRUP,10.0,1.0,0.0,0.0,inf,inf
SPONSORSHIP INDICATION,7.0,1.0,21.0,3.0,0.3333333333333333,0.3333333333333333
LYRICAL THEME,7.0,1.0,0.0,0.0,inf,inf
STEADY HAND,8.0,1.0,8.0,1.0,1.0,1.0
FORWARD-FACING POSTURE,0.0,0.0,7.0,1.0,0.0,0.0
MUFFLED VOICE EFFECT,8.0,1.0,0.0,0.0,inf,inf
BLUE CLOTHING,14.0,2.0,0.0,0.0,inf,inf
NATHANIEL,8.0,1.0,0.0,0.0,inf,inf
EXHALATION,7.0,1.0,0.0,0.0,inf,inf
EMPHATIC PAUSES,8.0,1.0,0.0,0.0,inf,inf
LOG CABIN,0.0,0.0,9.0,1.0,0.0,0.0
LUXURY ITEMS,7.0,1.0,0.0,0.0,inf,inf
NO DISCOMFORT,7.0,1.0,0.0,0.0,inf,inf
JOY OR EXCITEMENT,9.0,1.0,0.0,0.0,inf,inf
THOUGHTFUL EXPRESSION,28.0,4.0,8.0,1.0,3.5,4.0
MAX VOLUME,16.0,2.0,7.0,1.0,2.2857142857142856,2.0
ENGAGING DELIVERY,19.0,2.0,0.0,0.0,inf,inf
COOKING TECHNIQUE,25.0,3.0,0.0,0.0,inf,inf
BRITISH ACCENT,0.0,0.0,8.0,1.0,0.0,0.0
CAMERA INTERACTION,9.0,1.0,0.0,0.0,inf,inf
SATISFIED AND PROUD,8.0,1.0,0.0,0.0,inf,inf
ARTIFICIAL LIGHTING,15.0,2.0,6.0,1.0,2.5,2.0
DYNAMIC GESTURE,9.0,1.0,0.0,0.0,inf,inf
CURIOSITY,0.0,0.0,7.0,1.0,0.0,0.0
MALE VOICE,61.0,8.0,48.0,7.0,1.2708333333333333,1.1428571428571428
SCOFFS,7.0,1.0,0.0,0.0,inf,inf
HUMOROUS OR SATIRICAL SCENARIO,0.0,0.0,8.0,1.0,0.0,0.0
PEACEFUL SMILE,8.0,1.0,0.0,0.0,inf,inf
GLOSSY SURFACE,7.0,1.0,0.0,0.0,inf,inf
RECURRING PATTERNS,37.0,5.0,0.0,0.0,inf,inf
PITCH RISE,6.0,1.0,0.0,0.0,inf,inf
INITIAL POSITION,15.0,2.0,21.0,3.0,0.7142857142857143,0.6666666666666666
PAVED ROAD,0.0,0.0,6.0,1.0,0.0,0.0
BRANDED PRODUCTS,0.0,0.0,16.0,2.0,0.0,0.0
STARTLED OR SURPRISED,0.0,0.0,8.0,1.0,0.0,0.0
HUMOROUS CAPTIONS,0.0,0.0,8.0,1.0,0.0,0.0
PERSONAL TOUCHES,8.0,1.0,0.0,0.0,inf,inf
150-165 WORDS,8.0,1.0,0.0,0.0,inf,inf
SLOWER SPEED,7.0,1.0,0.0,0.0,inf,inf
"BRANSON, MISSOURI",6.0,1.0,0.0,0.0,inf,inf
HAND AND FINGER GESTURE,68.0,8.0,37.0,5.0,1.837837837837838,1.6
HEAD STRAIGHT,8.0,1.0,0.0,0.0,inf,inf
WALLS AND INTERIOR FEATURES,6.0,1.0,0.0,0.0,inf,inf
UPBEAT ELECTRONIC DRUM BEAT,8.0,1.0,0.0,0.0,inf,inf
HAND POSITION,5.0,1.0,7.0,1.0,0.7142857142857143,1.0
HAPPY DAUGHTER,6.0,1.0,0.0,0.0,inf,inf
HOUSE,0.0,0.0,6.0,1.0,0.0,0.0
HUMOROUS TONE,15.0,2.0,9.0,1.0,1.6666666666666667,2.0
NATURAL MOVEMENT,0.0,0.0,8.0,1.0,0.0,0.0
SINGLE CHIME,0.0,0.0,8.0,1.0,0.0,0.0
INDISTINGUISHABLE NOISE,6.0,1.0,0.0,0.0,inf,inf
CASUAL FRIENDLY TONE,8.0,1.0,0.0,0.0,inf,inf
AVERAGE PACE,38.0,5.0,0.0,0.0,inf,inf
8-BIT VIDEO GAME SOUNDTRACK,0.0,0.0,8.0,1.0,0.0,0.0
BLACK COOKING POT,7.0,1.0,0.0,0.0,inf,inf
TRANSITIONS,7.0,1.0,0.0,0.0,inf,inf
WORD COUNT ESTIMATION,6.0,1.0,0.0,0.0,inf,inf
ROWING MOTION,0.0,0.0,8.0,1.0,0.0,0.0
ELECTRICAL OUTLET,5.0,1.0,0.0,0.0,inf,inf
WARDROBE ORGANIZATION,0.0,0.0,9.0,1.0,0.0,0.0
CAR DASHBOARD,8.0,1.0,0.0,0.0,inf,inf
UPWARD MOVEMENT,7.0,1.0,0.0,0.0,inf,inf
FLYING BALL,15.0,1.0,0.0,0.0,inf,inf
NO SPONSORSHIP INDICATORS,6.0,1.0,0.0,0.0,inf,inf
REPEATED SYNTH MELODY,0.0,0.0,8.0,1.0,0.0,0.0
ACTIVE POSTURE,8.0,1.0,0.0,0.0,inf,inf
WELCOMING GESTURES,8.0,1.0,0.0,0.0,inf,inf
SNOWFLAKES,8.0,1.0,0.0,0.0,inf,inf
CREATIVE PURPOSES,7.0,1.0,0.0,0.0,inf,inf
PINK AND RED COLORS,0.0,0.0,5.0,1.0,0.0,0.0
AUDIO EDITING SOFTWARE,6.0,1.0,7.0,1.0,0.8571428571428571,1.0
SIGNIFICANT AMOUNT OF SUGAR,8.0,1.0,0.0,0.0,inf,inf
CALM AND REFLECTIVE,9.0,1.0,0.0,0.0,inf,inf
PODCAST OR STREAMING SETUP,7.0,1.0,0.0,0.0,inf,inf
CLINKING SOUND,6.0,1.0,7.0,1.0,0.8571428571428571,1.0
TECHNOLOGY AND HUMOR,9.0,1.0,0.0,0.0,inf,inf
LONG SILENCE,45.0,6.0,21.0,3.0,2.142857142857143,2.0
HEAVY BASS,0.0,0.0,7.0,1.0,0.0,0.0
PEAK AMPLITUDE,0.0,0.0,5.0,1.0,0.0,0.0
BROADER SMILE,8.0,1.0,0.0,0.0,inf,inf
BEAUTIFULLY DESIGNED CAKE,10.0,1.0,0.0,0.0,inf,inf
VINYL RECORD SHELVES,6.0,1.0,0.0,0.0,inf,inf
WOODEN SURFACES,0.0,0.0,7.0,1.0,0.0,0.0
POT OR CONTAINER,7.0,1.0,0.0,0.0,inf,inf
HEAD MOVEMENT,86.0,12.0,55.0,8.0,1.5636363636363637,1.5
WIDE AND ENGAGED EYES,8.0,1.0,0.0,0.0,inf,inf
NEUTRAL TO SLIGHTLY ANIMATED EXPRESSIONS,8.0,1.0,0.0,0.0,inf,inf
PHYSICAL EXPRESSIONS,6.0,1.0,0.0,0.0,inf,inf
WHITE SNOWFLAKES,8.0,1.0,0.0,0.0,inf,inf
RESIDENTIAL AREA,8.0,1.0,0.0,0.0,inf,inf
SHORT AUDIO CLIP,5.0,1.0,3.0,1.0,1.6666666666666667,1.0
CAPTION,7.0,1.0,0.0,0.0,inf,inf
TRAP SONG,8.0,1.0,7.0,1.0,1.1428571428571428,1.0
POLICE CRUISERS,17.0,1.0,0.0,0.0,inf,inf
SEATED POSITION,32.0,4.0,0.0,0.0,inf,inf
PHONE HOLDING,15.0,2.0,0.0,0.0,inf,inf
RICE SPILL,8.0,1.0,0.0,0.0,inf,inf
PLAYLIST SELECTION,8.0,1.0,0.0,0.0,inf,inf
CAKE PRESENTATION,10.0,1.0,0.0,0.0,inf,inf
JOGGING ACTIVITY,0.0,0.0,9.0,1.0,0.0,0.0
INTRODUCTORY GESTURE,0.0,0.0,7.0,1.0,0.0,0.0
LEFT HAND,8.0,1.0,8.0,1.0,1.0,1.0
LAW PROMOTING TALENT,9.0,1.0,0.0,0.0,inf,inf
HESITATIONS,137.0,21.0,56.0,8.0,2.4464285714285716,2.625
CHRISTMAS AND GIFT BUYING,7.0,1.0,0.0,0.0,inf,inf
HUMOROUS FIRST-PERSON ANECDOTE,0.0,0.0,9.0,1.0,0.0,0.0
BOOTLICKERS,16.0,1.0,0.0,0.0,inf,inf
CALM AND NEUTRAL EXPRESSION,14.0,2.0,17.0,1.0,0.8235294117647058,2.0
EMOJI USE,0.0,0.0,7.0,1.0,0.0,0.0
MOON PHOTOS,8.0,1.0,0.0,0.0,inf,inf
CLOTHING ITEMS,9.0,1.0,26.0,2.0,0.34615384615384615,0.5
DIRECT ADDRESS,8.0,1.0,0.0,0.0,inf,inf
NEUTRAL ENTHUSIASM,7.0,1.0,0.0,0.0,inf,inf
180 WORDS,7.0,1.0,0.0,0.0,inf,inf
CASUAL OUTFIT,7.0,1.0,7.0,1.0,1.0,1.0
LOW BASS SOUNDS,0.0,0.0,8.0,1.0,0.0,0.0
HEAD TILT,62.0,9.0,13.0,2.0,4.769230769230769,4.5
PEACE AND ENJOYMENT,7.0,1.0,0.0,0.0,inf,inf
BACKGROUND MUSIC,160.0,20.0,73.0,10.0,2.191780821917808,2.0
VACUUM CLEANER NOISE,8.0,1.0,0.0,0.0,inf,inf
CHALLENGE TO SUPPORTERS,8.0,1.0,0.0,0.0,inf,inf
DECORATIVE AREA RUG,0.0,0.0,7.0,1.0,0.0,0.0
SPECIFIC LOW PITCHES,8.0,1.0,0.0,0.0,inf,inf
SIGNS OF ENTHUSIASM,17.0,1.0,17.0,2.0,1.0,0.5
"EXAGGERATED VOCALIZATION OF ""SLAY""",8.0,1.0,0.0,0.0,inf,inf
STYLISH URBAN LOOK,0.0,0.0,8.0,1.0,0.0,0.0
INFORMAL SIGNALS,7.0,1.0,0.0,0.0,inf,inf
DESCENDING VOCALIZATION,0.0,0.0,7.0,1.0,0.0,0.0
GREEN FOLIAGE,7.0,1.0,0.0,0.0,inf,inf
NEUTRAL FACIAL EXPRESSIONS,8.0,1.0,0.0,0.0,inf,inf
PRODUCT SHOWCASE,26.0,3.0,17.0,2.0,1.5294117647058822,1.5
PLAYFUL AND ENGAGING DEMEANOR,9.0,1.0,0.0,0.0,inf,inf
SPICES AND HERBS,7.0,1.0,0.0,0.0,inf,inf
APPROXIMATION,5.0,1.0,0.0,0.0,inf,inf
HIGH PITCH,28.0,4.0,0.0,0.0,inf,inf
LOW PITCH,22.0,3.0,13.0,2.0,1.6923076923076923,1.5
LOW-LEVEL HUM,6.0,1.0,0.0,0.0,inf,inf
TRAVELING,0.0,0.0,8.0,1.0,0.0,0.0
SLOW AND DELIBERATE SPEECH,6.0,1.0,0.0,0.0,inf,inf
MODERATELY PACED,7.0,1.0,8.0,1.0,0.875,1.0
CALL FOR EQUAL RIGHTS,9.0,1.0,0.0,0.0,inf,inf
MAKEUP TUTORIAL,9.0,1.0,8.0,1.0,1.125,1.0
LIGHT BLONDE HAIR,7.0,1.0,0.0,0.0,inf,inf
GLITTERY EYE SHADOW,0.0,0.0,9.0,1.0,0.0,0.0
BOUGIEBLACKDAD,9.0,1.0,0.0,0.0,inf,inf
BLANKET,20.0,2.0,0.0,0.0,inf,inf
CYCLICAL MELODY,7.0,1.0,0.0,0.0,inf,inf
CONSISTENT VOLUME LEVEL,24.0,3.0,14.0,2.0,1.7142857142857142,1.5
WALKING THROUGH FIELD,9.0,1.0,0.0,0.0,inf,inf
CATCHY ELECTRONIC POP SOUND,8.0,1.0,0.0,0.0,inf,inf
EYESHADOW APPLICATION,9.0,1.0,0.0,0.0,inf,inf
END WITH RESIGNATION,0.0,0.0,8.0,1.0,0.0,0.0
ARTIST'S STYLE,6.0,1.0,0.0,0.0,inf,inf
TECH REVIEW SETTING,7.0,1.0,0.0,0.0,inf,inf
SHOULDER SHIFTS,6.0,1.0,0.0,0.0,inf,inf
BRAND VISIBILITY,31.0,4.0,26.0,3.0,1.1923076923076923,1.3333333333333333
ABSENCE OF LONG SILENCES,9.0,1.0,0.0,0.0,inf,inf
GESTURES,30.0,4.0,8.0,1.0,3.75,4.0
SILENCES IN MUSIC,6.0,1.0,0.0,0.0,inf,inf
ANTICIPATION,38.0,4.0,7.0,1.0,5.428571428571429,4.0
SLIGHTLY OPEN MOUTH,16.0,1.0,8.0,1.0,2.0,1.0
UPBEAT TEMPO,31.0,3.0,0.0,0.0,inf,inf
BACKGROUND CHATTER,12.0,2.0,5.0,1.0,2.4,2.0
DEMAND FOR ATTENTION,8.0,1.0,0.0,0.0,inf,inf
QUICK AND LIVELY PACE,7.0,1.0,0.0,0.0,inf,inf
SECTION 1,9.0,1.0,0.0,0.0,inf,inf
REPEATED PHRASES,0.0,0.0,7.0,1.0,0.0,0.0
FITNESS TIPS,9.0,1.0,0.0,0.0,inf,inf
CELEBRATORY GESTURE,8.0,1.0,0.0,0.0,inf,inf
HIT ME REQUEST,0.0,0.0,8.0,1.0,0.0,0.0
FLYER BUDDIES,13.0,1.0,0.0,0.0,inf,inf
SMOOTHING HAIR,7.0,1.0,0.0,0.0,inf,inf
POINTING FINGER,0.0,0.0,7.0,1.0,0.0,0.0
STABLE UPPER BODY,8.0,1.0,0.0,0.0,inf,inf
IPHONE USER,8.0,1.0,0.0,0.0,inf,inf
CASUAL GESTURE PATTERNS,7.0,1.0,0.0,0.0,inf,inf
RHYTHMIC EMPHASIS,8.0,1.0,0.0,0.0,inf,inf
FOOD REVIEW,0.0,0.0,9.0,1.0,0.0,0.0
RHYTHMIC BEAT,16.0,2.0,0.0,0.0,inf,inf
FOOTSTEPS,7.0,1.0,6.0,1.0,1.1666666666666667,1.0
UNIVERSAL SAUCE-ABILITY,0.0,0.0,8.0,1.0,0.0,0.0
PLANT,12.0,2.0,0.0,0.0,inf,inf
STABLE AUDIO VOLUME,9.0,1.0,0.0,0.0,inf,inf
ENERGETIC ACTIVITY,0.0,0.0,9.0,1.0,0.0,0.0
SARCASM,17.0,2.0,0.0,0.0,inf,inf
INTRODUCTION AND PRESENTATION,8.0,1.0,8.0,1.0,1.0,1.0
VOCAL EFFECTS,26.0,4.0,8.0,1.0,3.25,4.0
ECHOING VOCALS,7.0,1.0,0.0,0.0,inf,inf
SLOW CADENCE,0.0,0.0,9.0,1.0,0.0,0.0
UPBEAT LATIN MUSIC,8.0,1.0,0.0,0.0,inf,inf
SPEECH RATE VARIATIONS,0.0,0.0,8.0,1.0,0.0,0.0
TACO BELL'S BREAKFAST CRUNCHWRAP,0.0,0.0,19.0,1.0,0.0,0.0
RISING INTONATION,0.0,0.0,6.0,1.0,0.0,0.0
PART 2 MUSIC,8.0,1.0,0.0,0.0,inf,inf
UPRIGHT POSTURE,172.0,23.0,61.0,8.0,2.819672131147541,2.875
GIFT BUYING,0.0,0.0,7.0,1.0,0.0,0.0
FASHION SHOWCASE,0.0,0.0,9.0,1.0,0.0,0.0
SINCERITY AND PASSION,8.0,1.0,0.0,0.0,inf,inf
RESIDENTIAL STREET,7.0,1.0,0.0,0.0,inf,inf
EXPRESSIVE DELIGHT,9.0,1.0,0.0,0.0,inf,inf
NATURAL AND ENGAGING SPEAKING STYLE,10.0,1.0,0.0,0.0,inf,inf
CONSISTENT SPEAKING VOLUME,7.0,1.0,0.0,0.0,inf,inf
RECURRING PITCH PATTERNS,83.0,11.0,61.0,8.0,1.360655737704918,1.375
BING AND BOOM SOUNDS,8.0,1.0,0.0,0.0,inf,inf
VOCAL EMPHASIS,6.0,1.0,0.0,0.0,inf,inf
POSITIVE DEMEANOR,59.0,7.0,8.0,1.0,7.375,7.0
SUNNY WEATHER,0.0,0.0,8.0,1.0,0.0,0.0
WALL OR CURTAIN BACKGROUND,14.0,1.0,0.0,0.0,inf,inf
135 WORDS PER MINUTE,7.0,1.0,0.0,0.0,inf,inf
CALL AND RESPONSE,22.0,3.0,13.0,1.0,1.6923076923076923,3.0
GRASS,0.0,0.0,5.0,1.0,0.0,0.0
WHITE HAT,6.0,1.0,0.0,0.0,inf,inf
QUESTION INTONATION,7.0,1.0,0.0,0.0,inf,inf
QUIET OFFICE NOISE LEVEL,6.0,1.0,0.0,0.0,inf,inf
INTERACTIVE ENGAGEMENT,8.0,1.0,8.0,1.0,1.0,1.0
NARROW PITCH RANGE,29.0,4.0,20.0,3.0,1.45,1.3333333333333333
PROMPTS,8.0,1.0,0.0,0.0,inf,inf
SILENCES AND PAUSES,88.0,12.0,44.0,7.0,2.0,1.7142857142857142
"RED, WHITE, AND BLUE COLORS",8.0,1.0,0.0,0.0,inf,inf
AUTOTUNED VOCALS,0.0,0.0,14.0,2.0,0.0,0.0
TEMU PRODUCTS,8.0,1.0,0.0,0.0,inf,inf
FLOOR LAMP,0.0,0.0,6.0,1.0,0.0,0.0
BACKGROUND SINGERS,6.0,1.0,0.0,0.0,inf,inf
PROPULSION,8.0,1.0,0.0,0.0,inf,inf
SURPRISE,0.0,0.0,7.0,1.0,0.0,0.0
LIGHT-COLORED SUIT,8.0,1.0,0.0,0.0,inf,inf
DREAMY SYNTHS,7.0,1.0,0.0,0.0,inf,inf
SURPRISED/ENGAGED EXPRESSION,8.0,1.0,0.0,0.0,inf,inf
ROMANTIC MOMENT,10.0,1.0,0.0,0.0,inf,inf
LONG SILENCES,116.0,18.0,47.0,7.0,2.4680851063829787,2.5714285714285716
EMPHASIS,31.0,4.0,7.0,1.0,4.428571428571429,4.0
FLUIDITY,0.0,0.0,7.0,1.0,0.0,0.0
CHILDREN'S TOYS,9.0,1.0,14.0,2.0,0.6428571428571429,0.5
UPWARD HAND MOVEMENT,6.0,1.0,8.0,1.0,0.75,1.0
AUDIO IMPROVEMENT,9.0,1.0,0.0,0.0,inf,inf
ENGAGEMENT TACTICS,8.0,1.0,8.0,1.0,1.0,1.0
WARM AND INVITING ATMOSPHERE,0.0,0.0,8.0,1.0,0.0,0.0
RAPID HIGH-ENERGY SPEECH,0.0,0.0,7.0,1.0,0.0,0.0
SARCASTIC INFLECTION,8.0,1.0,0.0,0.0,inf,inf
PROMOTIONAL TONE,9.0,1.0,7.0,1.0,1.2857142857142858,1.0
DYNAMIC FACIAL EXPRESSION,9.0,1.0,0.0,0.0,inf,inf
DRUMBEAT,7.0,1.0,0.0,0.0,inf,inf
STANDING POSITION,34.0,5.0,0.0,0.0,inf,inf
SYNTH WITH REVERB,7.0,1.0,0.0,0.0,inf,inf
PURPLE SHIRT,0.0,0.0,7.0,1.0,0.0,0.0
CONCENTRATION,8.0,1.0,0.0,0.0,inf,inf
VOICE-OVER NARRATION,17.0,2.0,0.0,0.0,inf,inf
EYE AND HEAD MOVEMENTS,126.0,17.0,44.0,5.0,2.8636363636363638,3.4
MIN VOLUME,15.0,2.0,7.0,1.0,2.142857142857143,2.0
ARTICULATION IMPERFECTIONS,0.0,0.0,7.0,1.0,0.0,0.0
TRENDSETTING,0.0,0.0,7.0,1.0,0.0,0.0
PERSONAL ENGAGEMENT,9.0,1.0,0.0,0.0,inf,inf
DARK BACKGROUND,7.0,1.0,0.0,0.0,inf,inf
DINING TABLE,0.0,0.0,7.0,1.0,0.0,0.0
RESIDENTIAL AREA STREET,0.0,0.0,6.0,1.0,0.0,0.0
CAR ENGINE AND ROAD NOISE,7.0,1.0,6.0,1.0,1.1666666666666667,1.0
RAISED EYEBROWS,41.0,6.0,14.0,2.0,2.9285714285714284,3.0
DYNAMIC HEAD AND EYE MOVEMENTS,9.0,1.0,0.0,0.0,inf,inf
NATURAL LIGHTING,21.0,3.0,22.0,3.0,0.9545454545454546,1.0
OUTDOOR SETTING,41.0,5.0,35.0,4.0,1.1714285714285715,1.25
PLAYFUL ATTITUDE,0.0,0.0,7.0,1.0,0.0,0.0
UPWARD INFLECTION AT THE END OF QUESTIONS,8.0,1.0,0.0,0.0,inf,inf
UNIVERSITY ACTIVITIES,9.0,1.0,0.0,0.0,inf,inf
EDEN,6.0,1.0,0.0,0.0,inf,inf
SUBURBAN NEIGHBORHOOD,0.0,0.0,17.0,1.0,0.0,0.0
MALE SPEAKER,33.0,4.0,26.0,3.0,1.2692307692307692,1.3333333333333333
GLASSES,40.0,6.0,21.0,3.0,1.9047619047619047,2.0
MEDIUM SILENCE 0:13,7.0,1.0,0.0,0.0,inf,inf
FADE-OUT,7.0,1.0,6.0,1.0,1.1666666666666667,1.0
INITIAL CALM,0.0,0.0,9.0,1.0,0.0,0.0
NEUTRAL-COLORED WALLS,21.0,3.0,0.0,0.0,inf,inf
SEASONING PACKET,8.0,1.0,0.0,0.0,inf,inf
NIGERIAN LAW,20.0,1.0,0.0,0.0,inf,inf
MUSICAL TALENT,9.0,1.0,0.0,0.0,inf,inf
WARM TONES,8.0,1.0,19.0,3.0,0.42105263157894735,0.3333333333333333
BOOKSHELVES,6.0,1.0,0.0,0.0,inf,inf
HUMAN FIGURES,5.0,1.0,0.0,0.0,inf,inf
VOCAL INFLECTION,14.0,2.0,7.0,1.0,2.0,2.0
COFFEE,13.0,2.0,0.0,0.0,inf,inf
PRODUCT FUNCTIONALITY,7.0,1.0,0.0,0.0,inf,inf
SUBDUED LIGHTING,0.0,0.0,7.0,1.0,0.0,0.0
STORE SIGNAGE,7.0,1.0,6.0,1.0,1.1666666666666667,1.0
ENGAGEMENT WITH VIEWER,0.0,0.0,7.0,1.0,0.0,0.0
AUDIO CONTEXT REQUEST,5.0,1.0,0.0,0.0,inf,inf
COMPLETE SENTENCES REQUIREMENT,6.0,1.0,0.0,0.0,inf,inf
LAMINATE OR WOODEN FLOORS,0.0,0.0,7.0,1.0,0.0,0.0
CLOSET,14.0,2.0,0.0,0.0,inf,inf
SADNESS AND REFLECTION,9.0,1.0,0.0,0.0,inf,inf
CASUAL AND HOMEY MOOD,8.0,1.0,0.0,0.0,inf,inf
WAVE MOTION,5.0,1.0,0.0,0.0,inf,inf
FOCUS/CONCENTRATION,8.0,1.0,0.0,0.0,inf,inf
SIGNS ON WOODEN WALLS,0.0,0.0,7.0,1.0,0.0,0.0
INTERACTION WITH THE PRODUCT,30.0,4.0,9.0,1.0,3.3333333333333335,4.0
SUSPENSEFUL MUSIC,7.0,1.0,0.0,0.0,inf,inf
HEATED BLANKET,7.0,1.0,0.0,0.0,inf,inf
RECIPE,19.0,2.0,0.0,0.0,inf,inf
EXAGGERATED SOUND EFFECTS,0.0,0.0,7.0,1.0,0.0,0.0
DRAMATIC VOICEOVER SAMPLE,7.0,1.0,0.0,0.0,inf,inf
AMUSEMENT,15.0,2.0,0.0,0.0,inf,inf
NON-VERBAL VOCAL SOUNDS,43.0,6.0,43.0,6.0,1.0,1.0
SPEAKER'S PITCH VARIATION,0.0,0.0,8.0,1.0,0.0,0.0
CURIOSITY AND EVALUATION,0.0,0.0,8.0,1.0,0.0,0.0
EMOTIONAL WEIGHT,7.0,1.0,8.0,1.0,0.875,1.0
VOICE DICTATION,9.0,1.0,0.0,0.0,inf,inf
LOUD CONTINUOUS SPEAKER,0.0,0.0,7.0,1.0,0.0,0.0
COZY ATMOSPHERE,14.0,2.0,7.0,1.0,2.0,2.0
SPEECH CONSISTENCY,8.0,1.0,0.0,0.0,inf,inf
NEUTRAL START,16.0,2.0,0.0,0.0,inf,inf
STANDING IN A POOL,0.0,0.0,8.0,1.0,0.0,0.0
WHITE DRESS,8.0,1.0,0.0,0.0,inf,inf
POINTING GESTURES,0.0,0.0,8.0,1.0,0.0,0.0
MALE VOCALIST,24.0,3.0,5.0,1.0,4.8,3.0
GROOMING GESTURE,8.0,1.0,0.0,0.0,inf,inf
DYNAMIC RANGE,7.0,1.0,13.0,2.0,0.5384615384615384,0.5
PERSONAL STYLE,16.0,2.0,7.0,1.0,2.2857142857142856,2.0
WAVING HAND,6.0,1.0,0.0,0.0,inf,inf
QUIET RECORDING ENVIRONMENT,13.0,2.0,0.0,0.0,inf,inf
MARBLE TABLE,21.0,2.0,0.0,0.0,inf,inf
WOMAN'S WALK,9.0,1.0,0.0,0.0,inf,inf
20 YEARS OLD,7.0,1.0,0.0,0.0,inf,inf
PLAYFUL ATMOSPHERE,8.0,1.0,0.0,0.0,inf,inf
LUSH GREEN FIELD,9.0,1.0,0.0,0.0,inf,inf
PLAYFUL MOTION,8.0,1.0,0.0,0.0,inf,inf
FAST-FOOD MEAL,0.0,0.0,8.0,1.0,0.0,0.0
VALENTINE'S DAY THEME,9.0,1.0,9.0,1.0,1.0,1.0
ADDITIONAL ELEMENTS,12.0,2.0,0.0,0.0,inf,inf
CANON MIRRORLESS CAMERA,0.0,0.0,8.0,1.0,0.0,0.0
CABINETRY AND COUNTERTOPS,7.0,1.0,0.0,0.0,inf,inf
POINTING MOTION,17.0,1.0,0.0,0.0,inf,inf
WARM CLIMATE,8.0,1.0,8.0,1.0,1.0,1.0
SHAPING,8.0,1.0,0.0,0.0,inf,inf
AUTUMN OR WINTER,6.0,1.0,0.0,0.0,inf,inf
FEMALE SPEAKER,71.0,8.0,17.0,1.0,4.176470588235294,8.0
BRIGHT LIGHTING,39.0,4.0,12.0,2.0,3.25,2.0
CHOCOLATE,8.0,1.0,0.0,0.0,inf,inf
RAISED HAND,8.0,1.0,15.0,1.0,0.5333333333333333,1.0
POINTING GESTURE,14.0,2.0,15.0,2.0,0.9333333333333333,1.0
PICTURE FRAMES,6.0,1.0,0.0,0.0,inf,inf
INITIAL POSE,6.0,1.0,0.0,0.0,inf,inf
BRAND AMBASSADOR,17.0,1.0,0.0,0.0,inf,inf
POOR ARTICULATION,18.0,3.0,16.0,3.0,1.125,1.0
PRODUCT SOUNDS,7.0,1.0,0.0,0.0,inf,inf
INITIAL ENGAGEMENT,9.0,1.0,0.0,0.0,inf,inf
VARIOUS BOTTLES AND CONTAINERS,7.0,1.0,0.0,0.0,inf,inf
ENGAGED AND ATTENTIVE STATE,9.0,1.0,0.0,0.0,inf,inf
MIDDLE-AGED COUPLE,0.0,0.0,7.0,1.0,0.0,0.0
HIGH ENERGY LEVEL,18.0,1.0,0.0,0.0,inf,inf
DESK,13.0,2.0,0.0,0.0,inf,inf
PRONOUNCED HAND GESTURES,8.0,1.0,0.0,0.0,inf,inf
DELIBERATE PAUSES,8.0,1.0,8.0,1.0,1.0,1.0
CALM AND COMPOSED DEMEANOR,26.0,3.0,0.0,0.0,inf,inf
POTENTIALLY LOUDER MOMENTS,7.0,1.0,0.0,0.0,inf,inf
SLIGHT HEAD MOVEMENTS,14.0,2.0,0.0,0.0,inf,inf
RHYTHMIC INTERPLAY,8.0,1.0,0.0,0.0,inf,inf
MALE VOICE SAMPLE,7.0,1.0,0.0,0.0,inf,inf
SENSUAL TONE,0.0,0.0,5.0,1.0,0.0,0.0
LIGHT-COLORED HOUSE,0.0,0.0,6.0,1.0,0.0,0.0
REAL ESTATE GROUP,0.0,0.0,7.0,1.0,0.0,0.0
INITIAL EXPRESSION,7.0,1.0,7.0,1.0,1.0,1.0
AXE-THROWING ESTABLISHMENT,0.0,0.0,8.0,1.0,0.0,0.0
BEVERAGE,0.0,0.0,7.0,1.0,0.0,0.0
ELECTRO-POP INSTRUMENTAL,8.0,1.0,0.0,0.0,inf,inf
RUSTIC WALL,7.0,1.0,0.0,0.0,inf,inf
FOOD NETWORK,7.0,1.0,0.0,0.0,inf,inf
HEAD TILTS AND NODS,7.0,1.0,0.0,0.0,inf,inf
UPRIGHT JUMP,9.0,1.0,0.0,0.0,inf,inf
PACKAGED INGREDIENT,8.0,1.0,0.0,0.0,inf,inf
CEILING LIGHTS,12.0,2.0,0.0,0.0,inf,inf
GENTLE DESCENT,5.0,1.0,0.0,0.0,inf,inf
ENGAGEMENT WITH AUDIENCE,25.0,3.0,0.0,0.0,inf,inf
SLIGHT RISES,7.0,1.0,0.0,0.0,inf,inf
CASUAL INTERACTION,0.0,0.0,8.0,1.0,0.0,0.0
DECORATIVE FLOWERS,7.0,1.0,0.0,0.0,inf,inf
RHYTHMIC SYNTH MELODY,0.0,0.0,8.0,1.0,0.0,0.0
HOUSEPLANT,6.0,1.0,0.0,0.0,inf,inf
MELODIC CONTOUR,26.0,3.0,0.0,0.0,inf,inf
PRODUCT INTERACTION,57.0,8.0,14.0,2.0,4.071428571428571,4.0
HOME ENVIRONMENT,7.0,1.0,9.0,1.0,0.7777777777777778,1.0
STANDING LAMP,0.0,0.0,6.0,1.0,0.0,0.0
LYRICAL FLOW,8.0,1.0,0.0,0.0,inf,inf
CONSISTENT VOLUME,83.0,11.0,31.0,4.0,2.6774193548387095,2.75
EXCITED MALE VOICE,6.0,1.0,0.0,0.0,inf,inf
DRUMS/PERCUSSION,7.0,1.0,0.0,0.0,inf,inf
SAMSUNG GALAXY S22 ULTRA,9.0,1.0,0.0,0.0,inf,inf
DYNAMIC TEXTURAL CONTRAST,0.0,0.0,16.0,1.0,0.0,0.0
ENJOYMENT AND ENGAGEMENT,0.0,0.0,8.0,1.0,0.0,0.0
ON-SCREEN TEXT,15.0,2.0,0.0,0.0,inf,inf
VOLUME CHANGES,8.0,1.0,0.0,0.0,inf,inf
AUDIENCE,26.0,3.0,0.0,0.0,inf,inf
ELECTRONIC INSTRUMENTATION,22.0,3.0,0.0,0.0,inf,inf
REFLECTIVE FACIAL EXPRESSION,8.0,1.0,0.0,0.0,inf,inf
RELAXED AND CONFIDENT POSTURE,17.0,2.0,8.0,1.0,2.125,2.0
"SHIRT WITH ""EMBRACE THE SUCK""",8.0,1.0,0.0,0.0,inf,inf
LOGOS,0.0,0.0,6.0,1.0,0.0,0.0
STREET INFRASTRUCTURE,7.0,1.0,0.0,0.0,inf,inf
BODY POSTURE,16.0,1.0,22.0,3.0,0.7272727272727273,0.3333333333333333
PERSON IN BLACK,9.0,1.0,0.0,0.0,inf,inf
SPACIOUS AND DREAMY ATMOSPHERE,8.0,1.0,0.0,0.0,inf,inf
CASUAL CLOTHING,13.0,2.0,0.0,0.0,inf,inf
SLIGHT PAUSES AND PITCH CHANGES FOR EMPHASIS,9.0,1.0,0.0,0.0,inf,inf
HEAD ON PILLOW,0.0,0.0,6.0,1.0,0.0,0.0
PROPS,8.0,1.0,0.0,0.0,inf,inf
CROUCHING DOWN,8.0,1.0,0.0,0.0,inf,inf
CONSISTENT TEMPO,14.0,2.0,0.0,0.0,inf,inf
LIGHT BEIGE WALL,13.0,2.0,0.0,0.0,inf,inf
LIGHT PINK TOP,0.0,0.0,8.0,1.0,0.0,0.0
MID-RANGE CONVERSATIONAL SPEECH,9.0,1.0,0.0,0.0,inf,inf
CONFIDENT SMILE,0.0,0.0,8.0,1.0,0.0,0.0
FRIENDLY AND INVITING,8.0,1.0,0.0,0.0,inf,inf
GRAY AND RED COLORS,7.0,1.0,0.0,0.0,inf,inf
XIAOMI 12S ULTRA,9.0,1.0,0.0,0.0,inf,inf
OUTDOOR FILMING,7.0,1.0,0.0,0.0,inf,inf
RELAXED INDOOR SETTING,9.0,1.0,0.0,0.0,inf,inf
INTERACTION,23.0,3.0,0.0,0.0,inf,inf
SLIGHT SMILE,29.0,4.0,23.0,3.0,1.2608695652173914,1.3333333333333333
CONVERSATIONAL STYLE,38.0,5.0,9.0,1.0,4.222222222222222,5.0
TEMU.COM,8.0,1.0,0.0,0.0,inf,inf
SHOPPING AT TARGET,9.0,1.0,0.0,0.0,inf,inf
PAID VERIFICATION,9.0,1.0,0.0,0.0,inf,inf
WOODEN SHELVES,0.0,0.0,6.0,1.0,0.0,0.0
MOTIVATIONAL MESSAGE,18.0,2.0,0.0,0.0,inf,inf
PINK FLOWERS,7.0,1.0,0.0,0.0,inf,inf
SOARING AND EMOTIONAL QUALITY,8.0,1.0,0.0,0.0,inf,inf
HESITATIONS/PAUSES,28.0,4.0,0.0,0.0,inf,inf
EARTHY TONES,35.0,4.0,23.0,3.0,1.5217391304347827,1.3333333333333333
ARM SWING,8.0,1.0,8.0,1.0,1.0,1.0
PHOTO SHOOT SESSION,0.0,0.0,8.0,1.0,0.0,0.0
SYNTHESIZERS,20.0,2.0,0.0,0.0,inf,inf
GUITARS,15.0,1.0,0.0,0.0,inf,inf
FAST-PACED DELIVERY,16.0,2.0,0.0,0.0,inf,inf
WIDE EYES,68.0,7.0,8.0,1.0,8.5,7.0
COASTAL VIEW,0.0,0.0,7.0,1.0,0.0,0.0
SITTING AT TABLE,0.0,0.0,16.0,2.0,0.0,0.0
HEART EMOJI,12.0,2.0,6.0,1.0,2.0,2.0
RELAXED STANCE,0.0,0.0,8.0,1.0,0.0,0.0
USERNAME,0.0,0.0,5.0,1.0,0.0,0.0
STORAGE OPTIONS,8.0,1.0,0.0,0.0,inf,inf
ENFORCE THE LIST,8.0,1.0,0.0,0.0,inf,inf
DOWNWARD FOCUS,7.0,1.0,0.0,0.0,inf,inf
SPONSORSHIP DETAILS,0.0,0.0,5.0,1.0,0.0,0.0
GOOGLE KEYBOARD,9.0,1.0,0.0,0.0,inf,inf
BALANCE,8.0,1.0,0.0,0.0,inf,inf
RELATIONSHIP DISCUSSION,0.0,0.0,9.0,1.0,0.0,0.0
@HUNGER4MORE121,7.0,1.0,0.0,0.0,inf,inf
WAVING MOTIONS,0.0,0.0,7.0,1.0,0.0,0.0
OPEN BODY LANGUAGE,16.0,2.0,0.0,0.0,inf,inf
THOUGHT-PROVOKING STATEMENT,9.0,1.0,0.0,0.0,inf,inf
GESTURES AND FACIAL EXPRESSIONS,9.0,1.0,0.0,0.0,inf,inf
SUBTLE HUM,7.0,1.0,0.0,0.0,inf,inf
WRIST ROTATION,7.0,1.0,0.0,0.0,inf,inf
TIKTOK OVERLAY,8.0,1.0,13.0,2.0,0.6153846153846154,0.5
UPRIGHT AND CONFIDENT POSTURE,0.0,0.0,9.0,1.0,0.0,0.0
SPECIFIC HIGH PITCHES,8.0,1.0,0.0,0.0,inf,inf
FAST PACE,22.0,3.0,0.0,0.0,inf,inf
GRUNT STYLE ADVERTISEMENT,8.0,1.0,0.0,0.0,inf,inf
MELANCHOLIC MUSIC,8.0,1.0,0.0,0.0,inf,inf
PLANT OR DECOR ITEM,5.0,1.0,0.0,0.0,inf,inf
WOMAN IN DARK TOP,0.0,0.0,6.0,1.0,0.0,0.0
FOCUS SHIFT,0.0,0.0,7.0,1.0,0.0,0.0
OUTDOOR EXERCISE SESSION,8.0,1.0,0.0,0.0,inf,inf
INITIATION,8.0,1.0,0.0,0.0,inf,inf
VIBRANT TOUCH,0.0,0.0,6.0,1.0,0.0,0.0
CONVERSATIONAL EXCHANGE,9.0,1.0,0.0,0.0,inf,inf
NEUTRAL TO ANIMATED FACIAL EXPRESSIONS,8.0,1.0,0.0,0.0,inf,inf
PROFILE PICTURE ICON,14.0,1.0,0.0,0.0,inf,inf
PRODUCT DISPLAY,43.0,4.0,8.0,1.0,5.375,4.0
LATIN AMERICAN SOUND,8.0,1.0,0.0,0.0,inf,inf
HOUSES AND BARE TREES,6.0,1.0,0.0,0.0,inf,inf
GESTURE TYPE,8.0,1.0,0.0,0.0,inf,inf
LARGE MIRROR,8.0,1.0,8.0,1.0,1.0,1.0
COLORFUL FABRIC,5.0,1.0,0.0,0.0,inf,inf
CURIOSITY AND ENGAGEMENT,8.0,1.0,0.0,0.0,inf,inf
RELAXED HANDS,13.0,2.0,0.0,0.0,inf,inf
FEMALE INFLUENCER,980.0,83.0,437.0,36.0,2.242562929061785,2.3055555555555554
MOTION AND MOVEMENT,16.0,1.0,0.0,0.0,inf,inf
SIGH 0:08,8.0,1.0,0.0,0.0,inf,inf
HAMMERING MOTION,7.0,1.0,0.0,0.0,inf,inf
VOLUME CONSISTENCY,8.0,1.0,0.0,0.0,inf,inf
SPARKLE EMOJI,0.0,0.0,6.0,1.0,0.0,0.0
BODY MOVEMENTS,16.0,2.0,0.0,0.0,inf,inf
BRANDON,8.0,1.0,0.0,0.0,inf,inf
CIRCULAR MOTION,0.0,0.0,15.0,1.0,0.0,0.0
AMUSED/BEMUSED EXPRESSION,8.0,1.0,0.0,0.0,inf,inf
TIKTOK INTERFACE ELEMENTS,8.0,1.0,0.0,0.0,inf,inf
HUMOROUS TAKE,0.0,0.0,7.0,1.0,0.0,0.0
YOUNG MAN,5.0,1.0,17.0,1.0,0.29411764705882354,1.0
SCATTERED WHITE CLOUDS,6.0,1.0,0.0,0.0,inf,inf
MINIMALIST WALL DECOR,5.0,1.0,0.0,0.0,inf,inf
LIFTING AND TURNING,7.0,1.0,0.0,0.0,inf,inf
YOGA STICK,8.0,1.0,0.0,0.0,inf,inf
DIRECT CAMERA ADDRESS,9.0,1.0,0.0,0.0,inf,inf
PATTERNED SURFACE,6.0,1.0,0.0,0.0,inf,inf
SALES PITCH INFLECTION,7.0,1.0,0.0,0.0,inf,inf
SOUNDS OF DISGUST,7.0,1.0,0.0,0.0,inf,inf
OUTDOOR SUBURBAN NEIGHBORHOOD,9.0,1.0,0.0,0.0,inf,inf
WORKOUT,0.0,0.0,7.0,1.0,0.0,0.0
VISUAL HUMOR,8.0,1.0,0.0,0.0,inf,inf
MASHING,6.0,1.0,0.0,0.0,inf,inf
COMMENTARY OR DISCUSSION,9.0,1.0,0.0,0.0,inf,inf
SYNTHESIZER,21.0,2.0,0.0,0.0,inf,inf
MELODY AND PATTERNS,7.0,1.0,0.0,0.0,inf,inf
CRITIQUE OF EDUCATION SPENDING,8.0,1.0,0.0,0.0,inf,inf
RESILIENCE AND POSITIVE ATTITUDE,8.0,1.0,0.0,0.0,inf,inf
SIMPLE MELODY,12.0,2.0,0.0,0.0,inf,inf
AUDIO RECORDING,10.0,1.0,0.0,0.0,inf,inf
COOKING,20.0,2.0,8.0,1.0,2.5,2.0
BODY LANGUAGE,64.0,8.0,24.0,3.0,2.6666666666666665,2.6666666666666665
COUNTRY AS A JOKE,9.0,1.0,0.0,0.0,inf,inf
CRAFTING OR DIY PROJECTS,8.0,1.0,0.0,0.0,inf,inf
THUMB MOVEMENT,7.0,1.0,0.0,0.0,inf,inf
TEMU.COM PROMOTION,8.0,1.0,0.0,0.0,inf,inf
"HOUSES, TREES, AND CLEAR SKY",7.0,1.0,0.0,0.0,inf,inf
RAIN ON THE WINDSHIELD,8.0,1.0,0.0,0.0,inf,inf
SETTING GOALS,8.0,1.0,0.0,0.0,inf,inf
SLOW TEMPO,7.0,1.0,0.0,0.0,inf,inf
BOUJEE BLACK DAD,8.0,1.0,0.0,0.0,inf,inf
GENTLE WAKING UP,0.0,0.0,8.0,1.0,0.0,0.0
PLAYFUL FRUSTRATION,0.0,0.0,8.0,1.0,0.0,0.0
CLEAN SOUND,6.0,1.0,0.0,0.0,inf,inf
CLEAR BLUE SKY,8.0,1.0,0.0,0.0,inf,inf
SECOND INDIVIDUAL,6.0,1.0,0.0,0.0,inf,inf
INDOOR RETAIL STORE,9.0,1.0,9.0,1.0,1.0,1.0
CASUAL VLOGGING STYLE,8.0,1.0,0.0,0.0,inf,inf
WARM COLORS,14.0,2.0,0.0,0.0,inf,inf
HEAD POSITION AND MOVEMENT,7.0,1.0,0.0,0.0,inf,inf
GRILLING MEAT,10.0,1.0,0.0,0.0,inf,inf
INDOOR KITCHEN SETTING,33.0,4.0,10.0,1.0,3.3,4.0
PURPOSEFUL GESTURES,16.0,1.0,0.0,0.0,inf,inf
HOMEMADE TACO SEASONING,10.0,1.0,0.0,0.0,inf,inf
STEPWISE MOVEMENT,5.0,1.0,0.0,0.0,inf,inf
PHOTOS AND VIDEOS,8.0,1.0,0.0,0.0,inf,inf
SHOCK OR DISBELIEF,0.0,0.0,7.0,1.0,0.0,0.0
YOUNGER FEMALE SPEAKER,17.0,2.0,0.0,0.0,inf,inf
VINYL RECORDS,6.0,1.0,0.0,0.0,inf,inf
HEART-SHAPED CONFETTI,7.0,1.0,0.0,0.0,inf,inf
AUDIO VOLUME,8.0,1.0,0.0,0.0,inf,inf
VISUAL TEXT OVERLAYS,6.0,1.0,0.0,0.0,inf,inf
WAVEFORM DISPLAY,5.0,1.0,6.0,1.0,0.8333333333333334,1.0
HUMOROUS THEME,9.0,1.0,15.0,2.0,0.6,0.5
BEVERAGE OR COCKTAIL PREPARATION,9.0,1.0,0.0,0.0,inf,inf
RUG,12.0,2.0,7.0,1.0,1.7142857142857142,2.0
CHRISTOPHER,10.0,1.0,0.0,0.0,inf,inf
CUMIN,7.0,1.0,0.0,0.0,inf,inf
COORDINATED MOVEMENT,0.0,0.0,7.0,1.0,0.0,0.0
HEDGE CLIPPERS,7.0,1.0,0.0,0.0,inf,inf
RUNNING DOWN SUBURBAN STREET,9.0,1.0,0.0,0.0,inf,inf
TECH REVIEW VIDEO,9.0,1.0,0.0,0.0,inf,inf
PIXEL 6 & 7,8.0,1.0,0.0,0.0,inf,inf
KITCHEN COUNTERTOP,7.0,1.0,0.0,0.0,inf,inf
VERTICAL BLINDS,6.0,1.0,0.0,0.0,inf,inf
KITCHEN SOUNDS,15.0,2.0,0.0,0.0,inf,inf
WOODEN TABLE WITH METAL STOOLS,0.0,0.0,7.0,1.0,0.0,0.0
TOPICAL DISCUSSIONS,7.0,1.0,0.0,0.0,inf,inf
HOUSE WITH A PORCH,0.0,0.0,6.0,1.0,0.0,0.0
DIRECT EYE CONTACT,77.0,9.0,25.0,3.0,3.08,3.0
THOUGHTFUL/REFLECTIVE EXPRESSION,8.0,1.0,0.0,0.0,inf,inf
SPEAKER'S VOICE,100.0,8.0,15.0,2.0,6.666666666666667,4.0
SELF-CARE ESSENTIALS,9.0,1.0,0.0,0.0,inf,inf
PLAYFUL OR CHEERFUL EXPRESSION,7.0,1.0,0.0,0.0,inf,inf
ROMANTIC R&B SONG,0.0,0.0,5.0,1.0,0.0,0.0
PURPLE LIGHTING,8.0,1.0,0.0,0.0,inf,inf
CONVERSATIONAL SPEECH,8.0,1.0,0.0,0.0,inf,inf
COMFORTABLE ENVIRONMENT,0.0,0.0,8.0,1.0,0.0,0.0
LOW HUM,7.0,1.0,0.0,0.0,inf,inf
STEADY DRUM BEAT,7.0,1.0,0.0,0.0,inf,inf
DIRECT ADDRESS TO CAMERA,7.0,1.0,0.0,0.0,inf,inf
BACKGROUND COLOR FOR TEXT,8.0,1.0,0.0,0.0,inf,inf
PEAK AND RMS LEVELS,5.0,1.0,0.0,0.0,inf,inf
FREE STORAGE TIPS,9.0,1.0,0.0,0.0,inf,inf
MODERN BACKDROP,0.0,0.0,8.0,1.0,0.0,0.0
FEMALE VOCALIST,75.0,8.0,33.0,4.0,2.272727272727273,2.0
KITCHEN OR COOKING SPACE,8.0,1.0,0.0,0.0,inf,inf
TRANSITIONAL PAUSES,7.0,1.0,0.0,0.0,inf,inf
EXPRESSIVE HAND GESTURES,0.0,0.0,9.0,1.0,0.0,0.0
WHITE SHIRT,6.0,1.0,6.0,1.0,1.0,1.0
IDENTIFIABLE OBJECTS,0.0,0.0,7.0,1.0,0.0,0.0
MOBILE RECORDING,0.0,0.0,7.0,1.0,0.0,0.0
FEMALE BACKGROUND VOCALS,0.0,0.0,8.0,1.0,0.0,0.0
DESCENDING PHRASES,9.0,1.0,0.0,0.0,inf,inf
KITCHEN SETTING,69.0,6.0,0.0,0.0,inf,inf
OPEN MOUTH GESTURE,7.0,1.0,0.0,0.0,inf,inf
TRAVEL OR LIFESTYLE THEME,0.0,0.0,9.0,1.0,0.0,0.0
LAMP,19.0,3.0,0.0,0.0,inf,inf
WOMAN INFLUENCER,19.0,2.0,0.0,0.0,inf,inf
PENDANT NECKLACE,12.0,2.0,0.0,0.0,inf,inf
MONEY SPENT,8.0,1.0,0.0,0.0,inf,inf
DARK COUNTERTOP,6.0,1.0,0.0,0.0,inf,inf
BEIGE AND BROWN COLORS,6.0,1.0,0.0,0.0,inf,inf
LIGHTING EFFECT,7.0,1.0,0.0,0.0,inf,inf
GOLD CLOTHING RACK,0.0,0.0,9.0,1.0,0.0,0.0
PURPOSEFUL PAUSING,0.0,0.0,9.0,1.0,0.0,0.0
PINK AND WHITE GARMENTS,0.0,0.0,17.0,1.0,0.0,0.0
BLUESY MALE VOCAL,0.0,0.0,7.0,1.0,0.0,0.0
SURPRISE OR EMPHASIS,0.0,0.0,8.0,1.0,0.0,0.0
MOVEMENT TO CAMERA,8.0,1.0,0.0,0.0,inf,inf
ASSUMPTIONS,0.0,0.0,5.0,1.0,0.0,0.0
BUSINESS AREA,0.0,0.0,6.0,1.0,0.0,0.0
ENTHUSIASTIC FACIAL EXPRESSIONS,9.0,1.0,0.0,0.0,inf,inf
FRIENDLY SMILE,9.0,1.0,0.0,0.0,inf,inf
SPONSORSHIP STRATEGIES,53.0,8.0,21.0,3.0,2.5238095238095237,2.6666666666666665
CANON R6,0.0,0.0,8.0,1.0,0.0,0.0
ELECTRONICS HUM,13.0,2.0,0.0,0.0,inf,inf
THEMES OF LOVE AND DESIRE,7.0,1.0,0.0,0.0,inf,inf
INITIAL HEAD POSITION & MOVEMENT,8.0,1.0,0.0,0.0,inf,inf
BOOKS OR NOTEBOOKS,13.0,2.0,0.0,0.0,inf,inf
SENNHEISER MKE 400,0.0,0.0,8.0,1.0,0.0,0.0
SMALL VEHICLES,0.0,0.0,7.0,1.0,0.0,0.0
SENTENCE ENDING LOW PITCH,7.0,1.0,0.0,0.0,inf,inf
LOUNGE CHAIRS,0.0,0.0,8.0,1.0,0.0,0.0
GLOBE,8.0,1.0,0.0,0.0,inf,inf
LOW BACKGROUND NOISE,67.0,8.0,8.0,1.0,8.375,8.0
WICKER CHAIR,8.0,1.0,0.0,0.0,inf,inf
SMOKE OR STEAM,7.0,1.0,0.0,0.0,inf,inf
GRAY HOODIE,8.0,1.0,0.0,0.0,inf,inf
GENERAL PITCH,16.0,2.0,6.0,1.0,2.6666666666666665,2.0
SLIGHTLY SQUINTED EYES,7.0,1.0,0.0,0.0,inf,inf
STEPWISE PITCH CHANGES,0.0,0.0,8.0,1.0,0.0,0.0
DIVIDER GLASS PANELS,0.0,0.0,7.0,1.0,0.0,0.0
FRESH AIR,7.0,1.0,0.0,0.0,inf,inf
STARTS WITH A SMILE,0.0,0.0,9.0,1.0,0.0,0.0
ENGAGED AND ENTHUSIASTIC,9.0,1.0,0.0,0.0,inf,inf
HIGH PITCHES,186.0,23.0,88.0,11.0,2.1136363636363638,2.090909090909091
PORK SHOULDER,7.0,1.0,0.0,0.0,inf,inf
ENGAGING FACIAL EXPRESSIONS,8.0,1.0,8.0,1.0,1.0,1.0
BOOKSHELF OR CABINET,0.0,0.0,7.0,1.0,0.0,0.0
HIGH ENERGY,0.0,0.0,8.0,1.0,0.0,0.0
REPETITIVE MOTION,0.0,0.0,7.0,1.0,0.0,0.0
SHORT PAUSES,79.0,10.0,5.0,1.0,15.8,10.0
3000 CRUNCHES CLAIM,0.0,0.0,8.0,1.0,0.0,0.0
SCREENS WITH CONTENT,7.0,1.0,0.0,0.0,inf,inf
GREEN VINTAGE VOLKSWAGEN CAMPER VAN,0.0,0.0,10.0,1.0,0.0,0.0
SKINCARE,14.0,2.0,7.0,1.0,2.0,2.0
CASUAL CONVERSATION,7.0,1.0,8.0,1.0,0.875,1.0
PONYTAIL,8.0,1.0,0.0,0.0,inf,inf
SUSPENSEFUL BACKGROUND MUSIC,0.0,0.0,8.0,1.0,0.0,0.0
REPETITION OF MOTION,7.0,1.0,0.0,0.0,inf,inf
CROP FIELD,9.0,1.0,0.0,0.0,inf,inf
SOUNDS OF FOOD BEING HANDLED,0.0,0.0,14.0,1.0,0.0,0.0
PRODUCTS,10.0,2.0,0.0,0.0,inf,inf
LIGHT BLUE PHONE,8.0,1.0,0.0,0.0,inf,inf
ASSUREDNESS AND SATISFACTION,0.0,0.0,9.0,1.0,0.0,0.0
TONE SHIFT,0.0,0.0,6.0,1.0,0.0,0.0
KITCHEN OR BAR SETTING,18.0,1.0,0.0,0.0,inf,inf
RUNNING THROUGH SUBURBAN NEIGHBORHOOD,9.0,1.0,0.0,0.0,inf,inf
DARK BLUES AND BLACKS,0.0,0.0,8.0,1.0,0.0,0.0
GREENERY,20.0,3.0,0.0,0.0,inf,inf
SIGNIFICANT EVENT,9.0,1.0,0.0,0.0,inf,inf
PUNCHING INCIDENT,0.0,0.0,8.0,1.0,0.0,0.0
OVERLAPPING SPEECH,0.0,0.0,6.0,1.0,0.0,0.0
COMEDIC TONE,7.0,1.0,0.0,0.0,inf,inf
FOCUSED AND ENGAGED,8.0,1.0,0.0,0.0,inf,inf
LAYERING,7.0,1.0,0.0,0.0,inf,inf
OVERALL MOVEMENT,8.0,1.0,14.0,2.0,0.5714285714285714,0.5
BICYCLE,11.0,2.0,0.0,0.0,inf,inf
SPANISH SONG,9.0,1.0,8.0,1.0,1.125,1.0
GREEN AND BLUE COLORS,7.0,1.0,0.0,0.0,inf,inf
BEDROOM SETTING,9.0,1.0,0.0,0.0,inf,inf
TIKTOK LOGO AND USERNAME,15.0,2.0,7.0,1.0,2.142857142857143,2.0
COMEDIC SKIT,18.0,2.0,0.0,0.0,inf,inf
FAST SPEECH RATE,24.0,3.0,26.0,3.0,0.9230769230769231,1.0
ENGAGING AND ENERGETIC,8.0,1.0,0.0,0.0,inf,inf
FEMALE INFLUENCERS,0.0,0.0,9.0,1.0,0.0,0.0
CURTAINS,0.0,0.0,7.0,1.0,0.0,0.0
PITCH VARIATION,14.0,2.0,8.0,1.0,1.75,2.0
ROMANTIC RELATIONSHIP,0.0,0.0,14.0,2.0,0.0,0.0
TRAP MUSIC,9.0,1.0,0.0,0.0,inf,inf
FACE ROLLER,7.0,1.0,0.0,0.0,inf,inf
TOWEL SWAN,9.0,1.0,0.0,0.0,inf,inf
OUTSIDE SETTING,0.0,0.0,7.0,1.0,0.0,0.0
EYES CLOSED,7.0,1.0,7.0,1.0,1.0,1.0
EXPRESSIVE GESTURES,9.0,1.0,16.0,2.0,0.5625,0.5
STOVETOP,8.0,1.0,0.0,0.0,inf,inf
CHIME SOUND EFFECT,14.0,1.0,6.0,1.0,2.3333333333333335,1.0
SINCERITY,132.0,14.0,83.0,9.0,1.5903614457831325,1.5555555555555556
WORD COUNT,19.0,3.0,7.0,1.0,2.7142857142857144,3.0
CLAPS,6.0,1.0,0.0,0.0,inf,inf
RELAXED BROWS,6.0,1.0,0.0,0.0,inf,inf
STRUGGLING SOUNDS,7.0,1.0,0.0,0.0,inf,inf
TRENDING TOPIC,0.0,0.0,7.0,1.0,0.0,0.0
RELATABLE TONE,0.0,0.0,9.0,1.0,0.0,0.0
ELSA IMAGE,8.0,1.0,0.0,0.0,inf,inf
GORGEOUS GOING OUT DRESS,0.0,0.0,10.0,1.0,0.0,0.0
OVERCAST SKY,0.0,0.0,7.0,1.0,0.0,0.0
PRODUCT HANDLING AND INTERACTION,8.0,1.0,8.0,1.0,1.0,1.0
2022 IN REVIEW,7.0,1.0,0.0,0.0,inf,inf
SIMPLE DRUM BEAT,6.0,1.0,0.0,0.0,inf,inf
EARTHY COLORS,6.0,1.0,0.0,0.0,inf,inf
GLOOMY ATMOSPHERE,7.0,1.0,0.0,0.0,inf,inf
VAN LIFE CONTENT,0.0,0.0,8.0,1.0,0.0,0.0
LIVING LIKE ROYALTY,6.0,1.0,0.0,0.0,inf,inf
FLUID MOTION,15.0,1.0,8.0,1.0,1.875,1.0
PEAK METER,0.0,0.0,6.0,1.0,0.0,0.0
RHYTHMIC PITCH CHANGES,16.0,2.0,0.0,0.0,inf,inf
PRODUCT PRESENTATION,17.0,2.0,0.0,0.0,inf,inf
DYNAMIC PITCH RANGE,24.0,2.0,0.0,0.0,inf,inf
SITTING IN FIELD,8.0,1.0,0.0,0.0,inf,inf
OLDER FEMALE SPEAKER,8.0,1.0,0.0,0.0,inf,inf
PASSIONATE TONE,9.0,1.0,0.0,0.0,inf,inf
INDOOR ROOM,0.0,0.0,8.0,1.0,0.0,0.0
AUDIO TUTORIAL,49.0,2.0,0.0,0.0,inf,inf
STRONG FEELINGS,8.0,1.0,0.0,0.0,inf,inf
DIM LIGHTING,7.0,1.0,0.0,0.0,inf,inf
BARBER VS. POLICE OFFICER,8.0,1.0,0.0,0.0,inf,inf
LYRICS ABOUT LOST LOVE,0.0,0.0,5.0,1.0,0.0,0.0
STARTING POSE,8.0,1.0,0.0,0.0,inf,inf
INFORMAL ATMOSPHERE,0.0,0.0,7.0,1.0,0.0,0.0
RACISM ARGUMENT,9.0,1.0,0.0,0.0,inf,inf
SPANISH LYRICS,8.0,1.0,0.0,0.0,inf,inf
WHITE HANDBAG,0.0,0.0,8.0,1.0,0.0,0.0
SHADOW PATTERNS,0.0,0.0,6.0,1.0,0.0,0.0
MEDIUM SILENCE 0:08-0:09,7.0,1.0,0.0,0.0,inf,inf
CASUAL AND APPROACHABLE VIBE,0.0,0.0,8.0,1.0,0.0,0.0
ENGAGED AUDIENCE,8.0,1.0,0.0,0.0,inf,inf
ROAD WITH TAILLIGHTS,6.0,1.0,0.0,0.0,inf,inf
LIGHT GRAY HOODIE,0.0,0.0,7.0,1.0,0.0,0.0
